date,sku,product_name,category,customer_segment,price,cost,competitor_price,quantity,revenue
2024-01-02,PRD-1001,Wireless Headphones Pro,Electronics,Wholesale,84.37,45.0,93.57,42,3543.54
2024-01-11,PRD-1001,Wireless Headphones Pro,Electronics,Retail,67.49,45.0,107.26,31,2092.19
2024-01-11,PRD-1001,Wireless Headphones Pro,Electronics,Direct,101.24,45.0,93.66,11,1113.64
2024-01-12,PRD-1001,Wireless Headphones Pro,Electronics,Direct,67.49,45.0,92.36,18,1214.82
2024-01-15,PRD-1001,Wireless Headphones Pro,Electronics,Enterprise,101.24,45.0,98.95,11,1113.64
2024-01-16,PRD-1001,Wireless Headphones Pro,Electronics,Direct,84.37,45.0,84.02,15,1265.55
2024-01-17,PRD-1001,Wireless Headphones Pro,Electronics,Retail,84.37,45.0,94.12,28,2362.36
2024-01-19,PRD-1001,Wireless Headphones Pro,Electronics,Wholesale,67.49,45.0,92.46,57,3846.93
2024-01-19,PRD-1001,Wireless Headphones Pro,Electronics,Enterprise,84.37,45.0,96.49,22,1856.14
2024-01-22,PRD-1001,Wireless Headphones Pro,Electronics,Enterprise,67.49,45.0,103.37,25,1687.25
2024-01-27,PRD-1001,Wireless Headphones Pro,Electronics,Retail,101.24,45.0,106.47,15,1518.6
2024-01-27,PRD-1001,Wireless Headphones Pro,Electronics,Wholesale,101.24,45.0,96.82,24,2429.76
2024-02-02,PRD-1001,Wireless Headphones Pro,Electronics,Enterprise,89.99,45.0,118.49,18,1619.82
2024-02-04,PRD-1001,Wireless Headphones Pro,Electronics,Wholesale,73.12,45.0,99.08,55,4021.6
2024-02-05,PRD-1001,Wireless Headphones Pro,Electronics,Retail,73.12,45.0,111.54,32,2339.84
2024-02-06,PRD-1001,Wireless Headphones Pro,Electronics,Enterprise,73.12,45.0,110.23,29,2120.48
2024-02-07,PRD-1001,Wireless Headphones Pro,Electronics,Retail,89.99,45.0,112.11,22,1979.78
2024-02-10,PRD-1001,Wireless Headphones Pro,Electronics,Direct,73.12,45.0,95.19,21,1535.52
2024-02-11,PRD-1001,Wireless Headphones Pro,Electronics,Direct,89.99,45.0,95.01,13,1169.87
2024-02-18,PRD-1001,Wireless Headphones Pro,Electronics,Wholesale,89.99,45.0,95.54,31,2789.69
2024-03-02,PRD-1001,Wireless Headphones Pro,Electronics,Retail,95.61,45.0,107.96,22,2103.42
2024-03-04,PRD-1001,Wireless Headphones Pro,Electronics,Enterprise,78.74,45.0,119.03,25,1968.5
2024-03-08,PRD-1001,Wireless Headphones Pro,Electronics,Wholesale,78.74,45.0,90.37,46,3622.04
2024-03-08,PRD-1001,Wireless Headphones Pro,Electronics,Direct,78.74,45.0,95.0,15,1181.1
2024-03-13,PRD-1001,Wireless Headphones Pro,Electronics,Retail,78.74,45.0,109.5,35,2755.9
2024-03-20,PRD-1001,Wireless Headphones Pro,Electronics,Enterprise,95.61,45.0,108.7,19,1816.59
2024-03-24,PRD-1001,Wireless Headphones Pro,Electronics,Direct,95.61,45.0,98.73,11,1051.71
2024-03-28,PRD-1001,Wireless Headphones Pro,Electronics,Wholesale,95.61,45.0,96.38,31,2963.91
2024-04-03,PRD-1001,Wireless Headphones Pro,Electronics,Retail,101.24,45.0,106.57,17,1721.08
2024-04-05,PRD-1001,Wireless Headphones Pro,Electronics,Wholesale,101.24,45.0,96.95,27,2733.48
2024-04-07,PRD-1001,Wireless Headphones Pro,Electronics,Enterprise,101.24,45.0,120.27,13,1316.12
2024-04-15,PRD-1001,Wireless Headphones Pro,Electronics,Direct,101.24,45.0,93.06,12,1214.88
2024-04-19,PRD-1001,Wireless Headphones Pro,Electronics,Enterprise,84.37,45.0,117.68,24,2024.88
2024-04-21,PRD-1001,Wireless Headphones Pro,Electronics,Retail,84.37,45.0,97.63,27,2277.99
2024-04-21,PRD-1001,Wireless Headphones Pro,Electronics,Wholesale,84.37,45.0,102.76,37,3121.69
2024-04-26,PRD-1001,Wireless Headphones Pro,Electronics,Direct,84.37,45.0,105.11,17,1434.29
2024-05-02,PRD-1001,Wireless Headphones Pro,Electronics,Retail,89.99,45.0,101.57,23,2069.77
2024-05-06,PRD-1001,Wireless Headphones Pro,Electronics,Direct,89.99,45.0,87.15,18,1619.82
2024-05-10,PRD-1001,Wireless Headphones Pro,Electronics,Wholesale,106.86,45.0,99.0,28,2992.08
2024-05-10,PRD-1001,Wireless Headphones Pro,Electronics,Direct,106.86,45.0,85.66,12,1282.32
2024-05-14,PRD-1001,Wireless Headphones Pro,Electronics,Retail,106.86,45.0,101.12,17,1816.62
2024-05-16,PRD-1001,Wireless Headphones Pro,Electronics,Enterprise,106.86,45.0,99.98,17,1816.62
2024-05-19,PRD-1001,Wireless Headphones Pro,Electronics,Enterprise,89.99,45.0,104.72,16,1439.84
2024-05-21,PRD-1001,Wireless Headphones Pro,Electronics,Wholesale,89.99,45.0,97.52,40,3599.6
2024-06-03,PRD-1001,Wireless Headphones Pro,Electronics,Retail,95.61,45.0,100.23,26,2485.86
2024-06-14,PRD-1001,Wireless Headphones Pro,Electronics,Retail,112.49,45.0,100.88,17,1912.33
2024-06-14,PRD-1001,Wireless Headphones Pro,Electronics,Wholesale,112.49,45.0,87.68,31,3487.19
2024-06-19,PRD-1001,Wireless Headphones Pro,Electronics,Wholesale,95.61,45.0,90.48,45,4302.45
2024-06-20,PRD-1001,Wireless Headphones Pro,Electronics,Direct,112.49,45.0,83.0,9,1012.41
2024-06-21,PRD-1001,Wireless Headphones Pro,Electronics,Enterprise,95.61,45.0,90.19,19,1816.59
2024-06-22,PRD-1001,Wireless Headphones Pro,Electronics,Enterprise,112.49,45.0,103.33,14,1574.86
2024-06-23,PRD-1001,Wireless Headphones Pro,Electronics,Direct,95.61,45.0,91.14,12,1147.32
2024-07-02,PRD-1001,Wireless Headphones Pro,Electronics,Wholesale,101.24,45.0,77.66,30,3037.2
2024-07-03,PRD-1001,Wireless Headphones Pro,Electronics,Retail,67.49,45.0,84.15,52,3509.48
2024-07-03,PRD-1001,Wireless Headphones Pro,Electronics,Direct,67.49,45.0,74.43,27,1822.23
2024-07-05,PRD-1001,Wireless Headphones Pro,Electronics,Wholesale,67.49,45.0,85.24,75,5061.75
2024-07-07,PRD-1001,Wireless Headphones Pro,Electronics,Enterprise,101.24,45.0,93.54,18,1822.32
2024-07-18,PRD-1001,Wireless Headphones Pro,Electronics,Enterprise,67.49,45.0,85.49,43,2902.07
2024-07-25,PRD-1001,Wireless Headphones Pro,Electronics,Direct,101.24,45.0,78.42,15,1518.6
2024-07-27,PRD-1001,Wireless Headphones Pro,Electronics,Retail,101.24,45.0,79.82,21,2126.04
2024-08-04,PRD-1001,Wireless Headphones Pro,Electronics,Direct,73.12,45.0,79.27,27,1974.24
2024-08-08,PRD-1001,Wireless Headphones Pro,Electronics,Retail,73.12,45.0,78.53,40,2924.8
2024-08-08,PRD-1001,Wireless Headphones Pro,Electronics,Direct,106.86,45.0,79.83,12,1282.32
2024-08-12,PRD-1001,Wireless Headphones Pro,Electronics,Enterprise,106.86,45.0,93.74,17,1816.62
2024-08-14,PRD-1001,Wireless Headphones Pro,Electronics,Enterprise,73.12,45.0,91.43,33,2412.96
2024-08-18,PRD-1001,Wireless Headphones Pro,Electronics,Retail,106.86,45.0,88.95,17,1816.62
2024-08-18,PRD-1001,Wireless Headphones Pro,Electronics,Wholesale,73.12,45.0,78.61,71,5191.52
2024-08-19,PRD-1001,Wireless Headphones Pro,Electronics,Wholesale,106.86,45.0,71.93,31,3312.66
2024-09-03,PRD-1001,Wireless Headphones Pro,Electronics,Retail,78.74,45.0,77.95,32,2519.68
2024-09-03,PRD-1001,Wireless Headphones Pro,Electronics,Direct,112.49,45.0,78.08,10,1124.9
2024-09-04,PRD-1001,Wireless Headphones Pro,Electronics,Retail,112.49,45.0,79.55,15,1687.35
2024-09-04,PRD-1001,Wireless Headphones Pro,Electronics,Wholesale,78.74,45.0,80.71,57,4488.18
2024-09-04,PRD-1001,Wireless Headphones Pro,Electronics,Enterprise,112.49,45.0,79.6,11,1237.39
2024-09-17,PRD-1001,Wireless Headphones Pro,Electronics,Direct,78.74,45.0,70.77,17,1338.58
2024-09-19,PRD-1001,Wireless Headphones Pro,Electronics,Wholesale,112.49,45.0,80.8,31,3487.19
2024-09-25,PRD-1001,Wireless Headphones Pro,Electronics,Enterprise,78.74,45.0,78.5,26,2047.24
2024-10-11,PRD-1001,Wireless Headphones Pro,Electronics,Enterprise,84.37,45.0,82.37,20,1687.4
2024-10-12,PRD-1001,Wireless Headphones Pro,Electronics,Retail,67.49,45.0,74.4,52,3509.48
2024-10-13,PRD-1001,Wireless Headphones Pro,Electronics,Wholesale,67.49,45.0,75.53,82,5534.18
2024-10-14,PRD-1001,Wireless Headphones Pro,Electronics,Direct,84.37,45.0,73.66,16,1349.92
2024-10-18,PRD-1001,Wireless Headphones Pro,Electronics,Retail,84.37,45.0,80.08,31,2615.47
2024-10-18,PRD-1001,Wireless Headphones Pro,Electronics,Enterprise,67.49,45.0,79.8,38,2564.62
2024-10-19,PRD-1001,Wireless Headphones Pro,Electronics,Wholesale,84.37,45.0,81.66,40,3374.8
2024-10-19,PRD-1001,Wireless Headphones Pro,Electronics,Direct,67.49,45.0,70.99,23,1552.27
2024-11-02,PRD-1001,Wireless Headphones Pro,Electronics,Wholesale,73.12,45.0,74.79,83,6068.96
2024-11-06,PRD-1001,Wireless Headphones Pro,Electronics,Direct,89.99,45.0,79.11,17,1529.83
2024-11-10,PRD-1001,Wireless Headphones Pro,Electronics,Wholesale,89.99,45.0,80.35,46,4139.54
2024-11-10,PRD-1001,Wireless Headphones Pro,Electronics,Direct,73.12,45.0,73.08,26,1901.12
2024-11-14,PRD-1001,Wireless Headphones Pro,Electronics,Retail,89.99,45.0,91.24,31,2789.69
2024-11-15,PRD-1001,Wireless Headphones Pro,Electronics,Enterprise,89.99,45.0,83.23,28,2519.72
2024-11-19,PRD-1001,Wireless Headphones Pro,Electronics,Retail,73.12,45.0,95.27,48,3509.76
2024-11-23,PRD-1001,Wireless Headphones Pro,Electronics,Enterprise,73.12,45.0,92.94,33,2412.96
2024-12-02,PRD-1001,Wireless Headphones Pro,Electronics,Retail,78.74,45.0,95.41,39,3070.86
2024-12-02,PRD-1001,Wireless Headphones Pro,Electronics,Retail,95.61,45.0,102.17,29,2772.69
2024-12-03,PRD-1001,Wireless Headphones Pro,Electronics,Enterprise,78.74,45.0,104.58,31,2440.94
2024-12-08,PRD-1001,Wireless Headphones Pro,Electronics,Wholesale,78.74,45.0,86.64,65,5118.1
2024-12-17,PRD-1001,Wireless Headphones Pro,Electronics,Direct,78.74,45.0,77.46,30,2362.2
2024-12-18,PRD-1001,Wireless Headphones Pro,Electronics,Wholesale,95.61,45.0,91.08,53,5067.33
2024-12-19,PRD-1001,Wireless Headphones Pro,Electronics,Enterprise,95.61,45.0,96.25,20,1912.2
2024-12-25,PRD-1001,Wireless Headphones Pro,Electronics,Direct,95.61,45.0,83.48,21,2007.81
2024-01-02,PRD-1002,Bluetooth Speaker Mini,Electronics,Wholesale,56.24,22.0,54.87,25,1406.0
2024-01-05,PRD-1002,Bluetooth Speaker Mini,Electronics,Retail,37.49,22.0,51.48,38,1424.62
2024-01-07,PRD-1002,Bluetooth Speaker Mini,Electronics,Enterprise,37.49,22.0,58.76,32,1199.68
2024-01-10,PRD-1002,Bluetooth Speaker Mini,Electronics,Wholesale,46.87,22.0,48.58,37,1734.19
2024-01-11,PRD-1002,Bluetooth Speaker Mini,Electronics,Retail,46.87,22.0,56.0,27,1265.49
2024-01-11,PRD-1002,Bluetooth Speaker Mini,Electronics,Direct,56.24,22.0,55.09,10,562.4
2024-01-12,PRD-1002,Bluetooth Speaker Mini,Electronics,Enterprise,56.24,22.0,56.55,14,787.36
2024-01-15,PRD-1002,Bluetooth Speaker Mini,Electronics,Enterprise,46.87,22.0,58.84,17,796.79
2024-01-16,PRD-1002,Bluetooth Speaker Mini,Electronics,Retail,56.24,22.0,55.95,18,1012.32
2024-01-22,PRD-1002,Bluetooth Speaker Mini,Electronics,Direct,37.49,22.0,46.24,23,862.27
2024-01-23,PRD-1002,Bluetooth Speaker Mini,Electronics,Wholesale,37.49,22.0,47.51,63,2361.87
2024-01-27,PRD-1002,Bluetooth Speaker Mini,Electronics,Direct,46.87,22.0,48.76,14,656.18
2024-02-13,PRD-1002,Bluetooth Speaker Mini,Electronics,Enterprise,49.99,22.0,58.55,15,749.85
2024-02-13,PRD-1002,Bluetooth Speaker Mini,Electronics,Direct,40.62,22.0,56.8,19,771.78
2024-02-16,PRD-1002,Bluetooth Speaker Mini,Electronics,Retail,40.62,22.0,64.6,34,1381.08
2024-02-19,PRD-1002,Bluetooth Speaker Mini,Electronics,Direct,49.99,22.0,58.26,13,649.87
2024-02-22,PRD-1002,Bluetooth Speaker Mini,Electronics,Wholesale,40.62,22.0,52.9,51,2071.62
2024-02-23,PRD-1002,Bluetooth Speaker Mini,Electronics,Retail,49.99,22.0,54.62,22,1099.78
2024-02-23,PRD-1002,Bluetooth Speaker Mini,Electronics,Wholesale,49.99,22.0,59.17,33,1649.67
2024-02-25,PRD-1002,Bluetooth Speaker Mini,Electronics,Enterprise,40.62,22.0,68.34,21,853.02
2024-03-03,PRD-1002,Bluetooth Speaker Mini,Electronics,Wholesale,43.74,22.0,58.59,38,1662.12
2024-03-06,PRD-1002,Bluetooth Speaker Mini,Electronics,Direct,53.11,22.0,56.12,11,584.21
2024-03-08,PRD-1002,Bluetooth Speaker Mini,Electronics,Direct,43.74,22.0,50.33,19,831.06
2024-03-10,PRD-1002,Bluetooth Speaker Mini,Electronics,Enterprise,43.74,22.0,61.84,19,831.06
2024-03-12,PRD-1002,Bluetooth Speaker Mini,Electronics,Retail,53.11,22.0,64.19,22,1168.42
2024-03-13,PRD-1002,Bluetooth Speaker Mini,Electronics,Wholesale,53.11,22.0,58.86,29,1540.19
2024-03-14,PRD-1002,Bluetooth Speaker Mini,Electronics,Retail,43.74,22.0,57.8,30,1312.2
2024-03-18,PRD-1002,Bluetooth Speaker Mini,Electronics,Enterprise,53.11,22.0,60.91,19,1009.09
2024-04-02,PRD-1002,Bluetooth Speaker Mini,Electronics,Retail,46.87,22.0,61.82,28,1312.36
2024-04-02,PRD-1002,Bluetooth Speaker Mini,Electronics,Wholesale,46.87,22.0,59.11,43,2015.41
2024-04-05,PRD-1002,Bluetooth Speaker Mini,Electronics,Enterprise,46.87,22.0,67.0,21,984.27
2024-04-05,PRD-1002,Bluetooth Speaker Mini,Electronics,Direct,46.87,22.0,50.85,18,843.66
2024-04-09,PRD-1002,Bluetooth Speaker Mini,Electronics,Enterprise,56.24,22.0,62.43,18,1012.32
2024-04-09,PRD-1002,Bluetooth Speaker Mini,Electronics,Direct,56.24,22.0,51.31,12,674.88
2024-04-20,PRD-1002,Bluetooth Speaker Mini,Electronics,Retail,56.24,22.0,56.25,20,1124.8
2024-04-22,PRD-1002,Bluetooth Speaker Mini,Electronics,Wholesale,56.24,22.0,59.85,27,1518.48
2024-05-03,PRD-1002,Bluetooth Speaker Mini,Electronics,Direct,49.99,22.0,51.02,17,849.83
2024-05-05,PRD-1002,Bluetooth Speaker Mini,Electronics,Enterprise,59.36,22.0,62.58,12,712.32
2024-05-10,PRD-1002,Bluetooth Speaker Mini,Electronics,Direct,59.36,22.0,55.85,11,652.96
2024-05-12,PRD-1002,Bluetooth Speaker Mini,Electronics,Wholesale,59.36,22.0,47.36,30,1780.8
2024-05-16,PRD-1002,Bluetooth Speaker Mini,Electronics,Retail,59.36,22.0,52.43,21,1246.56
2024-05-22,PRD-1002,Bluetooth Speaker Mini,Electronics,Retail,49.99,22.0,52.44,26,1299.74
2024-05-24,PRD-1002,Bluetooth Speaker Mini,Electronics,Wholesale,49.99,22.0,50.43,41,2049.59
2024-05-24,PRD-1002,Bluetooth Speaker Mini,Electronics,Enterprise,49.99,22.0,60.41,22,1099.78
2024-06-01,PRD-1002,Bluetooth Speaker Mini,Electronics,Wholesale,62.49,22.0,47.12,34,2124.66
2024-06-01,PRD-1002,Bluetooth Speaker Mini,Electronics,Direct,62.49,22.0,49.51,10,624.9
2024-06-03,PRD-1002,Bluetooth Speaker Mini,Electronics,Retail,53.11,22.0,57.27,29,1540.19
2024-06-06,PRD-1002,Bluetooth Speaker Mini,Electronics,Direct,53.11,22.0,49.71,13,690.43
2024-06-08,PRD-1002,Bluetooth Speaker Mini,Electronics,Enterprise,53.11,22.0,58.67,19,1009.09
2024-06-19,PRD-1002,Bluetooth Speaker Mini,Electronics,Retail,62.49,22.0,53.34,21,1312.29
2024-06-23,PRD-1002,Bluetooth Speaker Mini,Electronics,Wholesale,53.11,22.0,44.76,46,2443.06
2024-06-27,PRD-1002,Bluetooth Speaker Mini,Electronics,Enterprise,62.49,22.0,58.58,12,749.88
2024-07-05,PRD-1002,Bluetooth Speaker Mini,Electronics,Direct,56.24,22.0,45.68,15,843.6
2024-07-05,PRD-1002,Bluetooth Speaker Mini,Electronics,Direct,37.49,22.0,42.7,30,1124.7
2024-07-10,PRD-1002,Bluetooth Speaker Mini,Electronics,Wholesale,56.24,22.0,46.94,30,1687.2
2024-07-13,PRD-1002,Bluetooth Speaker Mini,Electronics,Enterprise,56.24,22.0,54.65,20,1124.8
2024-07-14,PRD-1002,Bluetooth Speaker Mini,Electronics,Enterprise,37.49,22.0,52.64,30,1124.7
2024-07-15,PRD-1002,Bluetooth Speaker Mini,Electronics,Wholesale,37.49,22.0,45.07,78,2924.22
2024-07-25,PRD-1002,Bluetooth Speaker Mini,Electronics,Retail,56.24,22.0,49.46,22,1237.28
2024-07-26,PRD-1002,Bluetooth Speaker Mini,Electronics,Retail,37.49,22.0,48.68,41,1537.09
2024-08-08,PRD-1002,Bluetooth Speaker Mini,Electronics,Direct,59.36,22.0,39.31,14,831.04
2024-08-12,PRD-1002,Bluetooth Speaker Mini,Electronics,Wholesale,40.62,22.0,38.87,51,2071.62
2024-08-13,PRD-1002,Bluetooth Speaker Mini,Electronics,Enterprise,59.36,22.0,44.0,17,1009.12
2024-08-14,PRD-1002,Bluetooth Speaker Mini,Electronics,Direct,40.62,22.0,42.36,26,1056.12
2024-08-15,PRD-1002,Bluetooth Speaker Mini,Electronics,Retail,40.62,22.0,43.47,39,1584.18
2024-08-18,PRD-1002,Bluetooth Speaker Mini,Electronics,Retail,59.36,22.0,50.13,16,949.76
2024-08-21,PRD-1002,Bluetooth Speaker Mini,Electronics,Wholesale,59.36,22.0,41.02,30,1780.8
2024-08-28,PRD-1002,Bluetooth Speaker Mini,Electronics,Enterprise,40.62,22.0,46.34,26,1056.12
2024-09-03,PRD-1002,Bluetooth Speaker Mini,Electronics,Retail,43.74,22.0,43.91,35,1530.9
2024-09-06,PRD-1002,Bluetooth Speaker Mini,Electronics,Wholesale,43.74,22.0,38.42,44,1924.56
2024-09-18,PRD-1002,Bluetooth Speaker Mini,Electronics,Enterprise,43.74,22.0,46.61,29,1268.46
2024-09-18,PRD-1002,Bluetooth Speaker Mini,Electronics,Direct,43.74,22.0,42.1,19,831.06
2024-09-19,PRD-1002,Bluetooth Speaker Mini,Electronics,Retail,62.49,22.0,45.83,19,1187.31
2024-09-19,PRD-1002,Bluetooth Speaker Mini,Electronics,Wholesale,62.49,22.0,39.79,31,1937.19
2024-09-22,PRD-1002,Bluetooth Speaker Mini,Electronics,Direct,62.49,22.0,37.52,9,562.41
2024-09-28,PRD-1002,Bluetooth Speaker Mini,Electronics,Enterprise,62.49,22.0,46.61,13,812.37
2024-10-08,PRD-1002,Bluetooth Speaker Mini,Electronics,Direct,37.49,22.0,40.49,26,974.74
2024-10-09,PRD-1002,Bluetooth Speaker Mini,Electronics,Enterprise,46.87,22.0,50.15,25,1171.75
2024-10-12,PRD-1002,Bluetooth Speaker Mini,Electronics,Direct,46.87,22.0,43.08,17,796.79
2024-10-16,PRD-1002,Bluetooth Speaker Mini,Electronics,Enterprise,37.49,22.0,51.03,34,1274.66
2024-10-20,PRD-1002,Bluetooth Speaker Mini,Electronics,Wholesale,46.87,22.0,38.37,39,1827.93
2024-10-22,PRD-1002,Bluetooth Speaker Mini,Electronics,Wholesale,37.49,22.0,43.41,78,2924.22
2024-10-26,PRD-1002,Bluetooth Speaker Mini,Electronics,Retail,37.49,22.0,42.82,47,1762.03
2024-10-27,PRD-1002,Bluetooth Speaker Mini,Electronics,Retail,46.87,22.0,48.74,33,1546.71
2024-11-01,PRD-1002,Bluetooth Speaker Mini,Electronics,Direct,40.62,22.0,43.58,25,1015.5
2024-11-03,PRD-1002,Bluetooth Speaker Mini,Electronics,Retail,49.99,22.0,49.97,27,1349.73
2024-11-03,PRD-1002,Bluetooth Speaker Mini,Electronics,Enterprise,40.62,22.0,52.54,32,1299.84
2024-11-04,PRD-1002,Bluetooth Speaker Mini,Electronics,Wholesale,49.99,22.0,41.19,58,2899.42
2024-11-20,PRD-1002,Bluetooth Speaker Mini,Electronics,Direct,49.99,22.0,47.68,17,849.83
2024-11-23,PRD-1002,Bluetooth Speaker Mini,Electronics,Enterprise,49.99,22.0,54.31,21,1049.79
2024-11-27,PRD-1002,Bluetooth Speaker Mini,Electronics,Retail,40.62,22.0,46.09,41,1665.42
2024-11-27,PRD-1002,Bluetooth Speaker Mini,Electronics,Wholesale,40.62,22.0,40.9,67,2721.54
2024-12-06,PRD-1002,Bluetooth Speaker Mini,Electronics,Enterprise,43.74,22.0,58.02,32,1399.68
2024-12-09,PRD-1002,Bluetooth Speaker Mini,Electronics,Retail,53.11,22.0,55.16,28,1487.08
2024-12-11,PRD-1002,Bluetooth Speaker Mini,Electronics,Retail,43.74,22.0,48.21,44,1924.56
2024-12-14,PRD-1002,Bluetooth Speaker Mini,Electronics,Enterprise,53.11,22.0,51.2,28,1487.08
2024-12-15,PRD-1002,Bluetooth Speaker Mini,Electronics,Wholesale,43.74,22.0,53.03,62,2711.88
2024-12-16,PRD-1002,Bluetooth Speaker Mini,Electronics,Wholesale,53.11,22.0,44.79,49,2602.39
2024-12-16,PRD-1002,Bluetooth Speaker Mini,Electronics,Direct,43.74,22.0,42.78,23,1006.02
2024-12-19,PRD-1002,Bluetooth Speaker Mini,Electronics,Direct,53.11,22.0,45.04,19,1009.09
2024-01-01,PRD-1003,USB-C Hub 7-in-1,Electronics,Direct,26.24,14.0,32.94,18,472.32
2024-01-02,PRD-1003,USB-C Hub 7-in-1,Electronics,Retail,39.36,14.0,40.65,17,669.12
2024-01-05,PRD-1003,USB-C Hub 7-in-1,Electronics,Retail,26.24,14.0,39.37,37,970.88
2024-01-05,PRD-1003,USB-C Hub 7-in-1,Electronics,Wholesale,32.8,14.0,33.42,40,1312.0
2024-01-07,PRD-1003,USB-C Hub 7-in-1,Electronics,Wholesale,26.24,14.0,34.67,52,1364.48
2024-01-09,PRD-1003,USB-C Hub 7-in-1,Electronics,Enterprise,26.24,14.0,41.25,31,813.44
2024-01-10,PRD-1003,USB-C Hub 7-in-1,Electronics,Enterprise,32.8,14.0,41.68,22,721.6
2024-01-17,PRD-1003,USB-C Hub 7-in-1,Electronics,Enterprise,39.36,14.0,37.37,15,590.4
2024-01-18,PRD-1003,USB-C Hub 7-in-1,Electronics,Direct,39.36,14.0,35.27,9,354.24
2024-01-21,PRD-1003,USB-C Hub 7-in-1,Electronics,Wholesale,39.36,14.0,35.3,29,1141.44
2024-01-28,PRD-1003,USB-C Hub 7-in-1,Electronics,Retail,32.8,14.0,43.13,27,885.6
2024-01-28,PRD-1003,USB-C Hub 7-in-1,Electronics,Direct,32.8,14.0,35.06,16,524.8
2024-02-03,PRD-1003,USB-C Hub 7-in-1,Electronics,Wholesale,28.43,14.0,36.08,46,1307.78
2024-02-03,PRD-1003,USB-C Hub 7-in-1,Electronics,Enterprise,34.99,14.0,44.96,18,629.82
2024-02-03,PRD-1003,USB-C Hub 7-in-1,Electronics,Direct,34.99,14.0,39.1,12,419.88
2024-02-07,PRD-1003,USB-C Hub 7-in-1,Electronics,Direct,28.43,14.0,36.72,17,483.31
2024-02-12,PRD-1003,USB-C Hub 7-in-1,Electronics,Enterprise,28.43,14.0,46.99,24,682.32
2024-02-18,PRD-1003,USB-C Hub 7-in-1,Electronics,Wholesale,34.99,14.0,34.68,31,1084.69
2024-02-22,PRD-1003,USB-C Hub 7-in-1,Electronics,Retail,34.99,14.0,44.97,18,629.82
2024-02-23,PRD-1003,USB-C Hub 7-in-1,Electronics,Retail,28.43,14.0,40.48,29,824.47
2024-03-04,PRD-1003,USB-C Hub 7-in-1,Electronics,Wholesale,37.18,14.0,35.92,29,1078.22
2024-03-05,PRD-1003,USB-C Hub 7-in-1,Electronics,Enterprise,37.18,14.0,43.97,19,706.42
2024-03-07,PRD-1003,USB-C Hub 7-in-1,Electronics,Wholesale,30.62,14.0,40.57,51,1561.62
2024-03-17,PRD-1003,USB-C Hub 7-in-1,Electronics,Direct,30.62,14.0,37.74,20,612.4
2024-03-20,PRD-1003,USB-C Hub 7-in-1,Electronics,Enterprise,30.62,14.0,47.53,19,581.78
2024-03-23,PRD-1003,USB-C Hub 7-in-1,Electronics,Direct,37.18,14.0,41.14,14,520.52
2024-03-26,PRD-1003,USB-C Hub 7-in-1,Electronics,Retail,37.18,14.0,40.74,19,706.42
2024-03-28,PRD-1003,USB-C Hub 7-in-1,Electronics,Retail,30.62,14.0,38.97,33,1010.46
2024-04-04,PRD-1003,USB-C Hub 7-in-1,Electronics,Enterprise,39.36,14.0,41.11,16,629.76
2024-04-12,PRD-1003,USB-C Hub 7-in-1,Electronics,Wholesale,39.36,14.0,41.37,37,1456.32
2024-04-12,PRD-1003,USB-C Hub 7-in-1,Electronics,Enterprise,32.8,14.0,42.44,18,590.4
2024-04-12,PRD-1003,USB-C Hub 7-in-1,Electronics,Direct,32.8,14.0,35.85,14,459.2
2024-04-15,PRD-1003,USB-C Hub 7-in-1,Electronics,Wholesale,32.8,14.0,39.89,41,1344.8
2024-04-17,PRD-1003,USB-C Hub 7-in-1,Electronics,Retail,32.8,14.0,44.48,30,984.0
2024-04-18,PRD-1003,USB-C Hub 7-in-1,Electronics,Retail,39.36,14.0,45.29,19,747.84
2024-04-28,PRD-1003,USB-C Hub 7-in-1,Electronics,Direct,39.36,14.0,39.74,10,393.6
2024-05-05,PRD-1003,USB-C Hub 7-in-1,Electronics,Direct,34.99,14.0,32.36,12,419.88
2024-05-06,PRD-1003,USB-C Hub 7-in-1,Electronics,Wholesale,34.99,14.0,36.68,40,1399.6
2024-05-09,PRD-1003,USB-C Hub 7-in-1,Electronics,Direct,41.55,14.0,34.34,13,540.15
2024-05-13,PRD-1003,USB-C Hub 7-in-1,Electronics,Retail,41.55,14.0,38.33,20,831.0
2024-05-16,PRD-1003,USB-C Hub 7-in-1,Electronics,Enterprise,34.99,14.0,41.18,20,699.8
2024-05-20,PRD-1003,USB-C Hub 7-in-1,Electronics,Retail,34.99,14.0,38.31,23,804.77
2024-05-20,PRD-1003,USB-C Hub 7-in-1,Electronics,Wholesale,41.55,14.0,34.69,27,1121.85
2024-05-24,PRD-1003,USB-C Hub 7-in-1,Electronics,Enterprise,41.55,14.0,41.56,14,581.7
2024-06-01,PRD-1003,USB-C Hub 7-in-1,Electronics,Wholesale,43.74,14.0,34.42,35,1530.9
2024-06-04,PRD-1003,USB-C Hub 7-in-1,Electronics,Wholesale,37.18,14.0,33.86,37,1375.66
2024-06-04,PRD-1003,USB-C Hub 7-in-1,Electronics,Enterprise,37.18,14.0,37.08,16,594.88
2024-06-11,PRD-1003,USB-C Hub 7-in-1,Electronics,Enterprise,43.74,14.0,34.87,14,612.36
2024-06-13,PRD-1003,USB-C Hub 7-in-1,Electronics,Retail,43.74,14.0,39.71,18,787.32
2024-06-17,PRD-1003,USB-C Hub 7-in-1,Electronics,Direct,43.74,14.0,34.04,11,481.14
2024-06-21,PRD-1003,USB-C Hub 7-in-1,Electronics,Retail,37.18,14.0,38.96,25,929.5
2024-06-23,PRD-1003,USB-C Hub 7-in-1,Electronics,Direct,37.18,14.0,33.32,14,520.52
2024-07-03,PRD-1003,USB-C Hub 7-in-1,Electronics,Wholesale,26.24,14.0,31.18,66,1731.84
2024-07-04,PRD-1003,USB-C Hub 7-in-1,Electronics,Enterprise,39.36,14.0,38.85,17,669.12
2024-07-11,PRD-1003,USB-C Hub 7-in-1,Electronics,Wholesale,39.36,14.0,33.18,43,1692.48
2024-07-12,PRD-1003,USB-C Hub 7-in-1,Electronics,Direct,26.24,14.0,33.03,24,629.76
2024-07-13,PRD-1003,USB-C Hub 7-in-1,Electronics,Retail,26.24,14.0,31.52,49,1285.76
2024-07-18,PRD-1003,USB-C Hub 7-in-1,Electronics,Direct,39.36,14.0,30.01,12,472.32
2024-07-22,PRD-1003,USB-C Hub 7-in-1,Electronics,Retail,39.36,14.0,37.33,26,1023.36
2024-07-24,PRD-1003,USB-C Hub 7-in-1,Electronics,Enterprise,26.24,14.0,37.38,33,865.92
2024-08-01,PRD-1003,USB-C Hub 7-in-1,Electronics,Direct,41.55,14.0,29.84,10,415.5
2024-08-06,PRD-1003,USB-C Hub 7-in-1,Electronics,Direct,28.43,14.0,30.99,24,682.32
2024-08-09,PRD-1003,USB-C Hub 7-in-1,Electronics,Enterprise,28.43,14.0,35.92,27,767.61
2024-08-13,PRD-1003,USB-C Hub 7-in-1,Electronics,Retail,28.43,14.0,31.15,33,938.19
2024-08-20,PRD-1003,USB-C Hub 7-in-1,Electronics,Wholesale,41.55,14.0,27.31,36,1495.8
2024-08-24,PRD-1003,USB-C Hub 7-in-1,Electronics,Retail,41.55,14.0,30.0,18,747.9
2024-08-28,PRD-1003,USB-C Hub 7-in-1,Electronics,Wholesale,28.43,14.0,30.02,54,1535.22
2024-08-28,PRD-1003,USB-C Hub 7-in-1,Electronics,Enterprise,41.55,14.0,34.05,18,747.9
2024-09-02,PRD-1003,USB-C Hub 7-in-1,Electronics,Retail,43.74,14.0,31.59,17,743.58
2024-09-02,PRD-1003,USB-C Hub 7-in-1,Electronics,Wholesale,43.74,14.0,28.08,28,1224.72
2024-09-04,PRD-1003,USB-C Hub 7-in-1,Electronics,Retail,30.62,14.0,31.63,28,857.36
2024-09-07,PRD-1003,USB-C Hub 7-in-1,Electronics,Wholesale,30.62,14.0,28.94,54,1653.48
2024-09-12,PRD-1003,USB-C Hub 7-in-1,Electronics,Direct,30.62,14.0,28.36,18,551.16
2024-09-16,PRD-1003,USB-C Hub 7-in-1,Electronics,Enterprise,43.74,14.0,35.1,16,699.84
2024-09-16,PRD-1003,USB-C Hub 7-in-1,Electronics,Enterprise,30.62,14.0,33.72,27,826.74
2024-09-25,PRD-1003,USB-C Hub 7-in-1,Electronics,Direct,43.74,14.0,26.34,10,437.4
2024-10-04,PRD-1003,USB-C Hub 7-in-1,Electronics,Wholesale,26.24,14.0,28.91,57,1495.68
2024-10-15,PRD-1003,USB-C Hub 7-in-1,Electronics,Retail,26.24,14.0,29.46,44,1154.56
2024-10-15,PRD-1003,USB-C Hub 7-in-1,Electronics,Enterprise,26.24,14.0,30.92,32,839.68
2024-10-16,PRD-1003,USB-C Hub 7-in-1,Electronics,Retail,32.8,14.0,32.45,26,852.8
2024-10-17,PRD-1003,USB-C Hub 7-in-1,Electronics,Direct,26.24,14.0,27.24,25,656.0
2024-10-20,PRD-1003,USB-C Hub 7-in-1,Electronics,Wholesale,32.8,14.0,27.25,52,1705.6
2024-10-25,PRD-1003,USB-C Hub 7-in-1,Electronics,Direct,32.8,14.0,27.85,16,524.8
2024-10-27,PRD-1003,USB-C Hub 7-in-1,Electronics,Enterprise,32.8,14.0,30.63,27,885.6
2024-11-01,PRD-1003,USB-C Hub 7-in-1,Electronics,Wholesale,28.43,14.0,29.72,59,1677.37
2024-11-08,PRD-1003,USB-C Hub 7-in-1,Electronics,Direct,34.99,14.0,33.57,20,699.8
2024-11-10,PRD-1003,USB-C Hub 7-in-1,Electronics,Direct,28.43,14.0,28.44,24,682.32
2024-11-13,PRD-1003,USB-C Hub 7-in-1,Electronics,Wholesale,34.99,14.0,34.47,52,1819.48
2024-11-16,PRD-1003,USB-C Hub 7-in-1,Electronics,Enterprise,28.43,14.0,34.34,36,1023.48
2024-11-21,PRD-1003,USB-C Hub 7-in-1,Electronics,Retail,34.99,14.0,36.35,36,1259.64
2024-11-23,PRD-1003,USB-C Hub 7-in-1,Electronics,Enterprise,34.99,14.0,38.52,22,769.78
2024-11-28,PRD-1003,USB-C Hub 7-in-1,Electronics,Retail,28.43,14.0,36.85,46,1307.78
2024-12-05,PRD-1003,USB-C Hub 7-in-1,Electronics,Wholesale,37.18,14.0,33.91,43,1598.74
2024-12-06,PRD-1003,USB-C Hub 7-in-1,Electronics,Enterprise,37.18,14.0,35.24,28,1041.04
2024-12-13,PRD-1003,USB-C Hub 7-in-1,Electronics,Retail,37.18,14.0,34.59,26,966.68
2024-12-16,PRD-1003,USB-C Hub 7-in-1,Electronics,Enterprise,30.62,14.0,42.19,28,857.36
2024-12-18,PRD-1003,USB-C Hub 7-in-1,Electronics,Direct,37.18,14.0,30.25,16,594.88
2024-12-19,PRD-1003,USB-C Hub 7-in-1,Electronics,Wholesale,30.62,14.0,35.2,74,2265.88
2024-12-21,PRD-1003,USB-C Hub 7-in-1,Electronics,Direct,30.62,14.0,31.77,28,857.36
2024-12-25,PRD-1003,USB-C Hub 7-in-1,Electronics,Retail,30.62,14.0,40.0,48,1469.76
2024-01-01,PRD-1004,Ergonomic Office Chair,Furniture,Retail,281.24,120.0,268.91,19,5343.56
2024-01-01,PRD-1004,Ergonomic Office Chair,Furniture,Enterprise,187.49,120.0,317.31,22,4124.78
2024-01-05,PRD-1004,Ergonomic Office Chair,Furniture,Direct,281.24,120.0,253.03,12,3374.88
2024-01-08,PRD-1004,Ergonomic Office Chair,Furniture,Retail,234.37,120.0,268.35,25,5859.25
2024-01-12,PRD-1004,Ergonomic Office Chair,Furniture,Wholesale,234.37,120.0,256.45,36,8437.32
2024-01-13,PRD-1004,Ergonomic Office Chair,Furniture,Enterprise,281.24,120.0,303.69,16,4499.84
2024-01-15,PRD-1004,Ergonomic Office Chair,Furniture,Direct,187.49,120.0,259.77,17,3187.33
2024-01-23,PRD-1004,Ergonomic Office Chair,Furniture,Enterprise,234.37,120.0,278.45,20,4687.4
2024-01-25,PRD-1004,Ergonomic Office Chair,Furniture,Retail,187.49,120.0,266.65,36,6749.64
2024-01-26,PRD-1004,Ergonomic Office Chair,Furniture,Wholesale,187.49,120.0,279.21,51,9561.99
2024-01-26,PRD-1004,Ergonomic Office Chair,Furniture,Direct,234.37,120.0,255.68,12,2812.44
2024-01-27,PRD-1004,Ergonomic Office Chair,Furniture,Wholesale,281.24,120.0,252.27,26,7312.24
2024-02-03,PRD-1004,Ergonomic Office Chair,Furniture,Wholesale,249.99,120.0,288.05,35,8749.65
2024-02-09,PRD-1004,Ergonomic Office Chair,Furniture,Wholesale,203.12,120.0,300.97,39,7921.68
2024-02-13,PRD-1004,Ergonomic Office Chair,Furniture,Direct,203.12,120.0,262.51,15,3046.8
2024-02-16,PRD-1004,Ergonomic Office Chair,Furniture,Enterprise,203.12,120.0,313.9,21,4265.52
2024-02-17,PRD-1004,Ergonomic Office Chair,Furniture,Retail,203.12,120.0,297.5,30,6093.6
2024-02-21,PRD-1004,Ergonomic Office Chair,Furniture,Direct,249.99,120.0,264.67,13,3249.87
2024-02-25,PRD-1004,Ergonomic Office Chair,Furniture,Enterprise,249.99,120.0,313.85,17,4249.83
2024-02-27,PRD-1004,Ergonomic Office Chair,Furniture,Retail,249.99,120.0,268.8,25,6249.75
2024-03-05,PRD-1004,Ergonomic Office Chair,Furniture,Direct,265.61,120.0,279.82,11,2921.71
2024-03-07,PRD-1004,Ergonomic Office Chair,Furniture,Enterprise,265.61,120.0,294.37,17,4515.37
2024-03-08,PRD-1004,Ergonomic Office Chair,Furniture,Wholesale,265.61,120.0,270.13,31,8233.91
2024-03-11,PRD-1004,Ergonomic Office Chair,Furniture,Retail,218.74,120.0,281.58,32,6999.68
2024-03-13,PRD-1004,Ergonomic Office Chair,Furniture,Retail,265.61,120.0,312.51,20,5312.2
2024-03-16,PRD-1004,Ergonomic Office Chair,Furniture,Wholesale,218.74,120.0,261.13,46,10062.04
2024-03-21,PRD-1004,Ergonomic Office Chair,Furniture,Enterprise,218.74,120.0,336.09,23,5031.02
2024-03-24,PRD-1004,Ergonomic Office Chair,Furniture,Direct,218.74,120.0,281.32,17,3718.58
2024-04-03,PRD-1004,Ergonomic Office Chair,Furniture,Direct,234.37,120.0,243.91,14,3281.18
2024-04-04,PRD-1004,Ergonomic Office Chair,Furniture,Wholesale,281.24,120.0,254.88,31,8718.44
2024-04-09,PRD-1004,Ergonomic Office Chair,Furniture,Wholesale,234.37,120.0,250.77,46,10781.02
2024-04-12,PRD-1004,Ergonomic Office Chair,Furniture,Enterprise,234.37,120.0,288.51,20,4687.4
2024-04-16,PRD-1004,Ergonomic Office Chair,Furniture,Enterprise,281.24,120.0,341.77,15,4218.6
2024-04-20,PRD-1004,Ergonomic Office Chair,Furniture,Direct,281.24,120.0,275.66,13,3656.12
2024-04-21,PRD-1004,Ergonomic Office Chair,Furniture,Retail,234.37,120.0,296.98,22,5156.14
2024-04-24,PRD-1004,Ergonomic Office Chair,Furniture,Retail,281.24,120.0,305.26,17,4781.08
2024-05-06,PRD-1004,Ergonomic Office Chair,Furniture,Enterprise,296.86,120.0,312.48,14,4156.04
2024-05-07,PRD-1004,Ergonomic Office Chair,Furniture,Wholesale,249.99,120.0,264.49,39,9749.61
2024-05-08,PRD-1004,Ergonomic Office Chair,Furniture,Retail,249.99,120.0,270.45,24,5999.76
2024-05-08,PRD-1004,Ergonomic Office Chair,Furniture,Wholesale,296.86,120.0,255.48,32,9499.52
2024-05-24,PRD-1004,Ergonomic Office Chair,Furniture,Direct,249.99,120.0,271.58,15,3749.85
2024-05-26,PRD-1004,Ergonomic Office Chair,Furniture,Retail,296.86,120.0,295.37,21,6234.06
2024-05-26,PRD-1004,Ergonomic Office Chair,Furniture,Enterprise,249.99,120.0,268.89,19,4749.81
2024-05-27,PRD-1004,Ergonomic Office Chair,Furniture,Direct,296.86,120.0,253.17,13,3859.18
2024-06-06,PRD-1004,Ergonomic Office Chair,Furniture,Direct,265.61,120.0,230.82,16,4249.76
2024-06-08,PRD-1004,Ergonomic Office Chair,Furniture,Retail,312.49,120.0,257.93,22,6874.78
2024-06-14,PRD-1004,Ergonomic Office Chair,Furniture,Enterprise,312.49,120.0,272.85,14,4374.86
2024-06-16,PRD-1004,Ergonomic Office Chair,Furniture,Wholesale,312.49,120.0,258.08,36,11249.64
2024-06-20,PRD-1004,Ergonomic Office Chair,Furniture,Retail,265.61,120.0,272.12,27,7171.47
2024-06-20,PRD-1004,Ergonomic Office Chair,Furniture,Direct,312.49,120.0,240.87,13,4062.37
2024-06-21,PRD-1004,Ergonomic Office Chair,Furniture,Enterprise,265.61,120.0,282.14,18,4780.98
2024-06-23,PRD-1004,Ergonomic Office Chair,Furniture,Wholesale,265.61,120.0,261.17,36,9561.96
2024-07-03,PRD-1004,Ergonomic Office Chair,Furniture,Enterprise,281.24,120.0,279.28,15,4218.6
2024-07-06,PRD-1004,Ergonomic Office Chair,Furniture,Direct,281.24,120.0,229.29,14,3937.36
2024-07-07,PRD-1004,Ergonomic Office Chair,Furniture,Retail,187.49,120.0,231.16,37,6937.13
2024-07-07,PRD-1004,Ergonomic Office Chair,Furniture,Wholesale,187.49,120.0,212.74,61,11436.89
2024-07-16,PRD-1004,Ergonomic Office Chair,Furniture,Direct,187.49,120.0,215.73,29,5437.21
2024-07-20,PRD-1004,Ergonomic Office Chair,Furniture,Wholesale,281.24,120.0,209.13,39,10968.36
2024-07-26,PRD-1004,Ergonomic Office Chair,Furniture,Retail,281.24,120.0,245.14,20,5624.8
2024-07-26,PRD-1004,Ergonomic Office Chair,Furniture,Enterprise,187.49,120.0,259.25,34,6374.66
2024-08-05,PRD-1004,Ergonomic Office Chair,Furniture,Direct,296.86,120.0,206.29,14,4156.04
2024-08-11,PRD-1004,Ergonomic Office Chair,Furniture,Wholesale,203.12,120.0,213.52,63,12796.56
2024-08-12,PRD-1004,Ergonomic Office Chair,Furniture,Wholesale,296.86,120.0,192.5,28,8312.08
2024-08-17,PRD-1004,Ergonomic Office Chair,Furniture,Retail,203.12,120.0,208.05,34,6906.08
2024-08-21,PRD-1004,Ergonomic Office Chair,Furniture,Enterprise,203.12,120.0,253.43,31,6296.72
2024-08-22,PRD-1004,Ergonomic Office Chair,Furniture,Direct,203.12,120.0,194.11,23,4671.76
2024-08-26,PRD-1004,Ergonomic Office Chair,Furniture,Retail,296.86,120.0,247.1,22,6530.92
2024-08-27,PRD-1004,Ergonomic Office Chair,Furniture,Enterprise,296.86,120.0,229.7,16,4749.76
2024-09-01,PRD-1004,Ergonomic Office Chair,Furniture,Direct,312.49,120.0,194.51,12,3749.88
2024-09-07,PRD-1004,Ergonomic Office Chair,Furniture,Wholesale,218.74,120.0,211.47,40,8749.6
2024-09-11,PRD-1004,Ergonomic Office Chair,Furniture,Enterprise,218.74,120.0,248.1,26,5687.24
2024-09-12,PRD-1004,Ergonomic Office Chair,Furniture,Direct,218.74,120.0,219.29,16,3499.84
2024-09-15,PRD-1004,Ergonomic Office Chair,Furniture,Wholesale,312.49,120.0,193.22,29,9062.21
2024-09-16,PRD-1004,Ergonomic Office Chair,Furniture,Retail,218.74,120.0,203.62,33,7218.42
2024-09-22,PRD-1004,Ergonomic Office Chair,Furniture,Enterprise,312.49,120.0,216.79,16,4999.84
2024-09-25,PRD-1004,Ergonomic Office Chair,Furniture,Retail,312.49,120.0,236.84,15,4687.35
2024-10-03,PRD-1004,Ergonomic Office Chair,Furniture,Enterprise,234.37,120.0,230.95,26,6093.62
2024-10-04,PRD-1004,Ergonomic Office Chair,Furniture,Enterprise,187.49,120.0,260.19,30,5624.7
2024-10-05,PRD-1004,Ergonomic Office Chair,Furniture,Direct,187.49,120.0,198.13,22,4124.78
2024-10-05,PRD-1004,Ergonomic Office Chair,Furniture,Direct,234.37,120.0,187.86,17,3984.29
2024-10-12,PRD-1004,Ergonomic Office Chair,Furniture,Retail,234.37,120.0,248.15,24,5624.88
2024-10-16,PRD-1004,Ergonomic Office Chair,Furniture,Wholesale,234.37,120.0,223.03,45,10546.65
2024-10-26,PRD-1004,Ergonomic Office Chair,Furniture,Wholesale,187.49,120.0,224.47,66,12374.34
2024-10-28,PRD-1004,Ergonomic Office Chair,Furniture,Retail,187.49,120.0,236.71,34,6374.66
2024-11-07,PRD-1004,Ergonomic Office Chair,Furniture,Retail,203.12,120.0,264.75,44,8937.28
2024-11-13,PRD-1004,Ergonomic Office Chair,Furniture,Enterprise,203.12,120.0,266.21,31,6296.72
2024-11-18,PRD-1004,Ergonomic Office Chair,Furniture,Direct,249.99,120.0,238.71,20,4999.8
2024-11-19,PRD-1004,Ergonomic Office Chair,Furniture,Direct,203.12,120.0,236.6,28,5687.36
2024-11-20,PRD-1004,Ergonomic Office Chair,Furniture,Wholesale,249.99,120.0,243.25,54,13499.46
2024-11-24,PRD-1004,Ergonomic Office Chair,Furniture,Retail,249.99,120.0,230.84,35,8749.65
2024-11-24,PRD-1004,Ergonomic Office Chair,Furniture,Wholesale,203.12,120.0,207.09,78,15843.36
2024-11-26,PRD-1004,Ergonomic Office Chair,Furniture,Enterprise,249.99,120.0,255.38,28,6999.72
2024-12-01,PRD-1004,Ergonomic Office Chair,Furniture,Retail,265.61,120.0,279.6,29,7702.69
2024-12-12,PRD-1004,Ergonomic Office Chair,Furniture,Wholesale,218.74,120.0,238.48,62,13561.88
2024-12-15,PRD-1004,Ergonomic Office Chair,Furniture,Direct,218.74,120.0,246.8,24,5249.76
2024-12-18,PRD-1004,Ergonomic Office Chair,Furniture,Direct,265.61,120.0,260.63,20,5312.2
2024-12-20,PRD-1004,Ergonomic Office Chair,Furniture,Wholesale,265.61,120.0,262.52,53,14077.33
2024-12-24,PRD-1004,Ergonomic Office Chair,Furniture,Enterprise,265.61,120.0,257.01,23,6109.03
2024-12-26,PRD-1004,Ergonomic Office Chair,Furniture,Retail,218.74,120.0,239.91,43,9405.82
2024-12-26,PRD-1004,Ergonomic Office Chair,Furniture,Enterprise,218.74,120.0,276.78,28,6124.72
2024-01-01,PRD-1005,Standing Desk Converter,Furniture,Retail,134.99,88.0,185.5,30,4049.7
2024-01-02,PRD-1005,Standing Desk Converter,Furniture,Enterprise,168.74,88.0,219.71,17,2868.58
2024-01-06,PRD-1005,Standing Desk Converter,Furniture,Wholesale,202.49,88.0,191.37,27,5467.23
2024-01-07,PRD-1005,Standing Desk Converter,Furniture,Direct,134.99,88.0,180.73,18,2429.82
2024-01-08,PRD-1005,Standing Desk Converter,Furniture,Enterprise,202.49,88.0,214.18,15,3037.35
2024-01-09,PRD-1005,Standing Desk Converter,Furniture,Retail,202.49,88.0,189.36,15,3037.35
2024-01-11,PRD-1005,Standing Desk Converter,Furniture,Direct,168.74,88.0,167.8,13,2193.62
2024-01-14,PRD-1005,Standing Desk Converter,Furniture,Wholesale,168.74,88.0,180.58,34,5737.16
2024-01-16,PRD-1005,Standing Desk Converter,Furniture,Direct,202.49,88.0,166.04,11,2227.39
2024-01-18,PRD-1005,Standing Desk Converter,Furniture,Wholesale,134.99,88.0,199.15,49,6614.51
2024-01-20,PRD-1005,Standing Desk Converter,Furniture,Enterprise,134.99,88.0,194.03,29,3914.71
2024-01-27,PRD-1005,Standing Desk Converter,Furniture,Retail,168.74,88.0,198.79,21,3543.54
2024-02-01,PRD-1005,Standing Desk Converter,Furniture,Retail,146.24,88.0,219.18,28,4094.72
2024-02-01,PRD-1005,Standing Desk Converter,Furniture,Enterprise,146.24,88.0,237.77,26,3802.24
2024-02-09,PRD-1005,Standing Desk Converter,Furniture,Direct,146.24,88.0,204.84,21,3071.04
2024-02-11,PRD-1005,Standing Desk Converter,Furniture,Enterprise,179.99,88.0,219.63,19,3419.81
2024-02-14,PRD-1005,Standing Desk Converter,Furniture,Wholesale,146.24,88.0,198.67,48,7019.52
2024-02-20,PRD-1005,Standing Desk Converter,Furniture,Direct,179.99,88.0,202.44,11,1979.89
2024-02-27,PRD-1005,Standing Desk Converter,Furniture,Wholesale,179.99,88.0,211.36,37,6659.63
2024-02-28,PRD-1005,Standing Desk Converter,Furniture,Retail,179.99,88.0,210.33,25,4499.75
2024-03-02,PRD-1005,Standing Desk Converter,Furniture,Direct,157.49,88.0,202.95,17,2677.33
2024-03-07,PRD-1005,Standing Desk Converter,Furniture,Retail,191.24,88.0,221.67,24,4589.76
2024-03-17,PRD-1005,Standing Desk Converter,Furniture,Wholesale,191.24,88.0,200.38,33,6310.92
2024-03-17,PRD-1005,Standing Desk Converter,Furniture,Direct,191.24,88.0,206.92,12,2294.88
2024-03-22,PRD-1005,Standing Desk Converter,Furniture,Enterprise,191.24,88.0,226.59,15,2868.6
2024-03-25,PRD-1005,Standing Desk Converter,Furniture,Enterprise,157.49,88.0,224.89,25,3937.25
2024-03-26,PRD-1005,Standing Desk Converter,Furniture,Retail,157.49,88.0,195.68,33,5197.17
2024-03-27,PRD-1005,Standing Desk Converter,Furniture,Wholesale,157.49,88.0,192.7,43,6772.07
2024-04-01,PRD-1005,Standing Desk Converter,Furniture,Retail,202.49,88.0,203.31,18,3644.82
2024-04-05,PRD-1005,Standing Desk Converter,Furniture,Wholesale,168.74,88.0,206.97,43,7255.82
2024-04-05,PRD-1005,Standing Desk Converter,Furniture,Wholesale,202.49,88.0,181.7,35,7087.15
2024-04-17,PRD-1005,Standing Desk Converter,Furniture,Enterprise,202.49,88.0,220.83,15,3037.35
2024-04-20,PRD-1005,Standing Desk Converter,Furniture,Direct,202.49,88.0,187.22,11,2227.39
2024-04-24,PRD-1005,Standing Desk Converter,Furniture,Retail,168.74,88.0,224.83,29,4893.46
2024-04-25,PRD-1005,Standing Desk Converter,Furniture,Direct,168.74,88.0,189.85,14,2362.36
2024-04-26,PRD-1005,Standing Desk Converter,Furniture,Enterprise,168.74,88.0,225.81,24,4049.76
2024-05-02,PRD-1005,Standing Desk Converter,Furniture,Wholesale,179.99,88.0,185.23,35,6299.65
2024-05-04,PRD-1005,Standing Desk Converter,Furniture,Direct,179.99,88.0,172.35,17,3059.83
2024-05-05,PRD-1005,Standing Desk Converter,Furniture,Enterprise,179.99,88.0,203.72,18,3239.82
2024-05-09,PRD-1005,Standing Desk Converter,Furniture,Retail,213.74,88.0,206.09,16,3419.84
2024-05-17,PRD-1005,Standing Desk Converter,Furniture,Enterprise,213.74,88.0,224.31,14,2992.36
2024-05-17,PRD-1005,Standing Desk Converter,Furniture,Direct,213.74,88.0,202.1,13,2778.62
2024-05-18,PRD-1005,Standing Desk Converter,Furniture,Wholesale,213.74,88.0,186.36,35,7480.9
2024-05-21,PRD-1005,Standing Desk Converter,Furniture,Retail,179.99,88.0,188.04,27,4859.73
2024-06-04,PRD-1005,Standing Desk Converter,Furniture,Retail,191.24,88.0,197.94,21,4016.04
2024-06-05,PRD-1005,Standing Desk Converter,Furniture,Wholesale,224.99,88.0,184.32,28,6299.72
2024-06-06,PRD-1005,Standing Desk Converter,Furniture,Enterprise,191.24,88.0,200.07,20,3824.8
2024-06-07,PRD-1005,Standing Desk Converter,Furniture,Retail,224.99,88.0,178.58,21,4724.79
2024-06-07,PRD-1005,Standing Desk Converter,Furniture,Direct,224.99,88.0,180.54,10,2249.9
2024-06-17,PRD-1005,Standing Desk Converter,Furniture,Direct,191.24,88.0,182.9,17,3251.08
2024-06-18,PRD-1005,Standing Desk Converter,Furniture,Enterprise,224.99,88.0,179.72,13,2924.87
2024-06-24,PRD-1005,Standing Desk Converter,Furniture,Wholesale,191.24,88.0,190.66,41,7840.84
2024-07-05,PRD-1005,Standing Desk Converter,Furniture,Enterprise,202.49,88.0,191.01,20,4049.8
2024-07-10,PRD-1005,Standing Desk Converter,Furniture,Retail,134.99,88.0,191.73,43,5804.57
2024-07-12,PRD-1005,Standing Desk Converter,Furniture,Wholesale,202.49,88.0,158.04,33,6682.17
2024-07-15,PRD-1005,Standing Desk Converter,Furniture,Direct,202.49,88.0,154.17,15,3037.35
2024-07-16,PRD-1005,Standing Desk Converter,Furniture,Enterprise,134.99,88.0,192.02,37,4994.63
2024-07-17,PRD-1005,Standing Desk Converter,Furniture,Retail,202.49,88.0,170.27,24,4859.76
2024-07-17,PRD-1005,Standing Desk Converter,Furniture,Wholesale,134.99,88.0,150.08,64,8639.36
2024-07-23,PRD-1005,Standing Desk Converter,Furniture,Direct,134.99,88.0,142.49,27,3644.73
2024-08-09,PRD-1005,Standing Desk Converter,Furniture,Direct,146.24,88.0,142.23,23,3363.52
2024-08-15,PRD-1005,Standing Desk Converter,Furniture,Wholesale,213.74,88.0,141.03,33,7053.42
2024-08-16,PRD-1005,Standing Desk Converter,Furniture,Enterprise,213.74,88.0,168.73,14,2992.36
2024-08-17,PRD-1005,Standing Desk Converter,Furniture,Retail,146.24,88.0,178.86,35,5118.4
2024-08-17,PRD-1005,Standing Desk Converter,Furniture,Wholesale,146.24,88.0,157.15,53,7750.72
2024-08-18,PRD-1005,Standing Desk Converter,Furniture,Direct,213.74,88.0,142.67,10,2137.4
2024-08-24,PRD-1005,Standing Desk Converter,Furniture,Retail,213.74,88.0,149.07,19,4061.06
2024-08-26,PRD-1005,Standing Desk Converter,Furniture,Enterprise,146.24,88.0,161.02,27,3948.48
2024-09-01,PRD-1005,Standing Desk Converter,Furniture,Wholesale,157.49,88.0,146.96,42,6614.58
2024-09-01,PRD-1005,Standing Desk Converter,Furniture,Direct,224.99,88.0,143.06,11,2474.89
2024-09-05,PRD-1005,Standing Desk Converter,Furniture,Retail,224.99,88.0,171.46,21,4724.79
2024-09-08,PRD-1005,Standing Desk Converter,Furniture,Retail,157.49,88.0,160.47,35,5512.15
2024-09-15,PRD-1005,Standing Desk Converter,Furniture,Direct,157.49,88.0,158.98,18,2834.82
2024-09-20,PRD-1005,Standing Desk Converter,Furniture,Enterprise,224.99,88.0,166.88,15,3374.85
2024-09-22,PRD-1005,Standing Desk Converter,Furniture,Wholesale,224.99,88.0,162.48,29,6524.71
2024-09-25,PRD-1005,Standing Desk Converter,Furniture,Enterprise,157.49,88.0,182.41,25,3937.25
2024-10-04,PRD-1005,Standing Desk Converter,Furniture,Enterprise,168.74,88.0,173.65,21,3543.54
2024-10-14,PRD-1005,Standing Desk Converter,Furniture,Retail,134.99,88.0,174.9,49,6614.51
2024-10-17,PRD-1005,Standing Desk Converter,Furniture,Direct,168.74,88.0,135.52,19,3206.06
2024-10-19,PRD-1005,Standing Desk Converter,Furniture,Wholesale,134.99,88.0,151.32,61,8234.39
2024-10-24,PRD-1005,Standing Desk Converter,Furniture,Enterprise,134.99,88.0,187.33,30,4049.7
2024-10-25,PRD-1005,Standing Desk Converter,Furniture,Retail,168.74,88.0,150.15,31,5230.94
2024-10-25,PRD-1005,Standing Desk Converter,Furniture,Direct,134.99,88.0,140.32,28,3779.72
2024-10-28,PRD-1005,Standing Desk Converter,Furniture,Wholesale,168.74,88.0,153.3,42,7087.08
2024-11-03,PRD-1005,Standing Desk Converter,Furniture,Direct,146.24,88.0,169.56,29,4240.96
2024-11-04,PRD-1005,Standing Desk Converter,Furniture,Enterprise,146.24,88.0,176.13,34,4972.16
2024-11-15,PRD-1005,Standing Desk Converter,Furniture,Wholesale,179.99,88.0,170.34,43,7739.57
2024-11-18,PRD-1005,Standing Desk Converter,Furniture,Enterprise,179.99,88.0,191.99,23,4139.77
2024-11-18,PRD-1005,Standing Desk Converter,Furniture,Direct,179.99,88.0,142.76,20,3599.8
2024-11-19,PRD-1005,Standing Desk Converter,Furniture,Retail,179.99,88.0,183.9,31,5579.69
2024-11-27,PRD-1005,Standing Desk Converter,Furniture,Wholesale,146.24,88.0,162.08,60,8774.4
2024-11-28,PRD-1005,Standing Desk Converter,Furniture,Retail,146.24,88.0,186.88,43,6288.32
2024-12-02,PRD-1005,Standing Desk Converter,Furniture,Enterprise,191.24,88.0,193.2,24,4589.76
2024-12-07,PRD-1005,Standing Desk Converter,Furniture,Retail,157.49,88.0,195.51,37,5827.13
2024-12-11,PRD-1005,Standing Desk Converter,Furniture,Retail,191.24,88.0,172.04,28,5354.72
2024-12-15,PRD-1005,Standing Desk Converter,Furniture,Direct,157.49,88.0,160.87,27,4252.23
2024-12-17,PRD-1005,Standing Desk Converter,Furniture,Wholesale,157.49,88.0,176.07,78,12284.22
2024-12-18,PRD-1005,Standing Desk Converter,Furniture,Enterprise,157.49,88.0,190.11,34,5354.66
2024-12-25,PRD-1005,Standing Desk Converter,Furniture,Wholesale,191.24,88.0,168.28,56,10709.44
2024-12-26,PRD-1005,Standing Desk Converter,Furniture,Direct,191.24,88.0,174.3,21,4016.04
2024-01-03,PRD-1006,Yoga Mat Premium,Sports,Direct,29.99,12.0,44.15,20,599.8
2024-01-04,PRD-1006,Yoga Mat Premium,Sports,Retail,44.99,12.0,41.95,15,674.85
2024-01-04,PRD-1006,Yoga Mat Premium,Sports,Wholesale,37.49,12.0,42.31,37,1387.13
2024-01-04,PRD-1006,Yoga Mat Premium,Sports,Enterprise,44.99,12.0,49.82,15,674.85
2024-01-09,PRD-1006,Yoga Mat Premium,Sports,Direct,44.99,12.0,42.44,11,494.89
2024-01-11,PRD-1006,Yoga Mat Premium,Sports,Wholesale,44.99,12.0,40.42,28,1259.72
2024-01-13,PRD-1006,Yoga Mat Premium,Sports,Retail,37.49,12.0,46.0,20,749.8
2024-01-14,PRD-1006,Yoga Mat Premium,Sports,Enterprise,29.99,12.0,42.71,33,989.67
2024-01-17,PRD-1006,Yoga Mat Premium,Sports,Retail,29.99,12.0,45.37,30,899.7
2024-01-22,PRD-1006,Yoga Mat Premium,Sports,Direct,37.49,12.0,37.63,14,524.86
2024-01-23,PRD-1006,Yoga Mat Premium,Sports,Enterprise,37.49,12.0,48.2,21,787.29
2024-01-25,PRD-1006,Yoga Mat Premium,Sports,Wholesale,29.99,12.0,40.05,67,2009.33
2024-02-01,PRD-1006,Yoga Mat Premium,Sports,Enterprise,39.99,12.0,47.16,17,679.83
2024-02-05,PRD-1006,Yoga Mat Premium,Sports,Wholesale,32.49,12.0,47.48,51,1656.99
2024-02-07,PRD-1006,Yoga Mat Premium,Sports,Enterprise,32.49,12.0,49.57,21,682.29
2024-02-08,PRD-1006,Yoga Mat Premium,Sports,Retail,32.49,12.0,50.46,31,1007.19
2024-02-09,PRD-1006,Yoga Mat Premium,Sports,Direct,32.49,12.0,40.55,20,649.8
2024-02-13,PRD-1006,Yoga Mat Premium,Sports,Wholesale,39.99,12.0,44.34,37,1479.63
2024-02-15,PRD-1006,Yoga Mat Premium,Sports,Retail,39.99,12.0,44.99,23,919.77
2024-02-27,PRD-1006,Yoga Mat Premium,Sports,Direct,39.99,12.0,46.66,14,559.86
2024-03-09,PRD-1006,Yoga Mat Premium,Sports,Direct,34.99,12.0,45.2,18,629.82
2024-03-09,PRD-1006,Yoga Mat Premium,Sports,Direct,42.49,12.0,47.02,14,594.86
2024-03-11,PRD-1006,Yoga Mat Premium,Sports,Retail,42.49,12.0,52.94,21,892.29
2024-03-12,PRD-1006,Yoga Mat Premium,Sports,Enterprise,34.99,12.0,45.59,24,839.76
2024-03-13,PRD-1006,Yoga Mat Premium,Sports,Enterprise,42.49,12.0,53.82,14,594.86
2024-03-16,PRD-1006,Yoga Mat Premium,Sports,Wholesale,42.49,12.0,40.93,35,1487.15
2024-03-23,PRD-1006,Yoga Mat Premium,Sports,Retail,34.99,12.0,47.32,27,944.73
2024-03-23,PRD-1006,Yoga Mat Premium,Sports,Wholesale,34.99,12.0,43.42,43,1504.57
2024-04-02,PRD-1006,Yoga Mat Premium,Sports,Direct,37.49,12.0,46.97,17,637.33
2024-04-03,PRD-1006,Yoga Mat Premium,Sports,Retail,44.99,12.0,45.69,17,764.83
2024-04-06,PRD-1006,Yoga Mat Premium,Sports,Wholesale,44.99,12.0,46.05,30,1349.7
2024-04-11,PRD-1006,Yoga Mat Premium,Sports,Enterprise,37.49,12.0,45.59,19,712.31
2024-04-11,PRD-1006,Yoga Mat Premium,Sports,Enterprise,44.99,12.0,47.59,16,719.84
2024-04-13,PRD-1006,Yoga Mat Premium,Sports,Direct,44.99,12.0,42.27,10,449.9
2024-04-17,PRD-1006,Yoga Mat Premium,Sports,Retail,37.49,12.0,47.47,23,862.27
2024-04-21,PRD-1006,Yoga Mat Premium,Sports,Wholesale,37.49,12.0,40.04,44,1649.56
2024-05-03,PRD-1006,Yoga Mat Premium,Sports,Enterprise,39.99,12.0,44.29,18,719.82
2024-05-05,PRD-1006,Yoga Mat Premium,Sports,Direct,47.49,12.0,43.63,13,617.37
2024-05-09,PRD-1006,Yoga Mat Premium,Sports,Retail,39.99,12.0,43.03,29,1159.71
2024-05-17,PRD-1006,Yoga Mat Premium,Sports,Enterprise,47.49,12.0,45.29,13,617.37
2024-05-22,PRD-1006,Yoga Mat Premium,Sports,Retail,47.49,12.0,42.06,21,997.29
2024-05-22,PRD-1006,Yoga Mat Premium,Sports,Wholesale,39.99,12.0,42.81,33,1319.67
2024-05-22,PRD-1006,Yoga Mat Premium,Sports,Wholesale,47.49,12.0,45.62,29,1377.21
2024-05-25,PRD-1006,Yoga Mat Premium,Sports,Direct,39.99,12.0,40.13,17,679.83
2024-06-06,PRD-1006,Yoga Mat Premium,Sports,Direct,42.49,12.0,34.37,14,594.86
2024-06-08,PRD-1006,Yoga Mat Premium,Sports,Retail,49.99,12.0,39.24,16,799.84
2024-06-12,PRD-1006,Yoga Mat Premium,Sports,Wholesale,42.49,12.0,35.53,37,1572.13
2024-06-18,PRD-1006,Yoga Mat Premium,Sports,Retail,42.49,12.0,39.17,27,1147.23
2024-06-18,PRD-1006,Yoga Mat Premium,Sports,Direct,49.99,12.0,39.16,11,549.89
2024-06-20,PRD-1006,Yoga Mat Premium,Sports,Enterprise,49.99,12.0,41.49,16,799.84
2024-06-24,PRD-1006,Yoga Mat Premium,Sports,Enterprise,42.49,12.0,40.73,17,722.33
2024-06-27,PRD-1006,Yoga Mat Premium,Sports,Wholesale,49.99,12.0,37.32,29,1449.71
2024-07-05,PRD-1006,Yoga Mat Premium,Sports,Wholesale,44.99,12.0,37.27,33,1484.67
2024-07-07,PRD-1006,Yoga Mat Premium,Sports,Retail,44.99,12.0,38.94,25,1124.75
2024-07-08,PRD-1006,Yoga Mat Premium,Sports,Wholesale,29.99,12.0,35.32,84,2519.16
2024-07-09,PRD-1006,Yoga Mat Premium,Sports,Direct,44.99,12.0,32.87,13,584.87
2024-07-10,PRD-1006,Yoga Mat Premium,Sports,Enterprise,29.99,12.0,39.71,31,929.69
2024-07-12,PRD-1006,Yoga Mat Premium,Sports,Enterprise,44.99,12.0,37.67,17,764.83
2024-07-14,PRD-1006,Yoga Mat Premium,Sports,Retail,29.99,12.0,35.95,51,1529.49
2024-07-17,PRD-1006,Yoga Mat Premium,Sports,Direct,29.99,12.0,33.49,25,749.75
2024-08-01,PRD-1006,Yoga Mat Premium,Sports,Enterprise,47.49,12.0,37.53,17,807.33
2024-08-03,PRD-1006,Yoga Mat Premium,Sports,Retail,32.49,12.0,37.46,33,1072.17
2024-08-06,PRD-1006,Yoga Mat Premium,Sports,Wholesale,32.49,12.0,34.71,62,2014.38
2024-08-09,PRD-1006,Yoga Mat Premium,Sports,Wholesale,47.49,12.0,33.79,34,1614.66
2024-08-17,PRD-1006,Yoga Mat Premium,Sports,Enterprise,32.49,12.0,39.78,29,942.21
2024-08-19,PRD-1006,Yoga Mat Premium,Sports,Direct,32.49,12.0,35.71,19,617.31
2024-08-25,PRD-1006,Yoga Mat Premium,Sports,Direct,47.49,12.0,35.14,10,474.9
2024-08-27,PRD-1006,Yoga Mat Premium,Sports,Retail,47.49,12.0,38.6,17,807.33
2024-09-03,PRD-1006,Yoga Mat Premium,Sports,Enterprise,34.99,12.0,37.19,26,909.74
2024-09-05,PRD-1006,Yoga Mat Premium,Sports,Wholesale,49.99,12.0,35.21,24,1199.76
2024-09-05,PRD-1006,Yoga Mat Premium,Sports,Direct,49.99,12.0,29.9,8,399.92
2024-09-07,PRD-1006,Yoga Mat Premium,Sports,Retail,34.99,12.0,37.52,35,1224.65
2024-09-11,PRD-1006,Yoga Mat Premium,Sports,Enterprise,49.99,12.0,38.52,12,599.88
2024-09-15,PRD-1006,Yoga Mat Premium,Sports,Retail,49.99,12.0,33.16,19,949.81
2024-09-16,PRD-1006,Yoga Mat Premium,Sports,Direct,34.99,12.0,35.47,18,629.82
2024-09-23,PRD-1006,Yoga Mat Premium,Sports,Wholesale,34.99,12.0,31.06,57,1994.43
2024-10-04,PRD-1006,Yoga Mat Premium,Sports,Enterprise,37.49,12.0,40.91,28,1049.72
2024-10-05,PRD-1006,Yoga Mat Premium,Sports,Retail,29.99,12.0,34.72,38,1139.62
2024-10-14,PRD-1006,Yoga Mat Premium,Sports,Wholesale,37.49,12.0,34.25,54,2024.46
2024-10-15,PRD-1006,Yoga Mat Premium,Sports,Wholesale,29.99,12.0,35.49,63,1889.37
2024-10-18,PRD-1006,Yoga Mat Premium,Sports,Enterprise,29.99,12.0,37.2,39,1169.61
2024-10-22,PRD-1006,Yoga Mat Premium,Sports,Retail,37.49,12.0,39.58,29,1087.21
2024-10-23,PRD-1006,Yoga Mat Premium,Sports,Direct,37.49,12.0,35.03,15,562.35
2024-10-27,PRD-1006,Yoga Mat Premium,Sports,Direct,29.99,12.0,33.5,28,839.72
2024-11-08,PRD-1006,Yoga Mat Premium,Sports,Wholesale,32.49,12.0,39.0,64,2079.36
2024-11-10,PRD-1006,Yoga Mat Premium,Sports,Retail,39.99,12.0,38.39,27,1079.73
2024-11-11,PRD-1006,Yoga Mat Premium,Sports,Direct,39.99,12.0,31.92,19,759.81
2024-11-14,PRD-1006,Yoga Mat Premium,Sports,Retail,32.49,12.0,42.34,46,1494.54
2024-11-14,PRD-1006,Yoga Mat Premium,Sports,Direct,32.49,12.0,37.3,27,877.23
2024-11-15,PRD-1006,Yoga Mat Premium,Sports,Enterprise,32.49,12.0,41.91,30,974.7
2024-11-17,PRD-1006,Yoga Mat Premium,Sports,Wholesale,39.99,12.0,34.7,48,1919.52
2024-11-26,PRD-1006,Yoga Mat Premium,Sports,Enterprise,39.99,12.0,38.64,22,879.78
2024-12-03,PRD-1006,Yoga Mat Premium,Sports,Direct,42.49,12.0,39.53,19,807.31
2024-12-04,PRD-1006,Yoga Mat Premium,Sports,Retail,34.99,12.0,40.52,48,1679.52
2024-12-08,PRD-1006,Yoga Mat Premium,Sports,Enterprise,42.49,12.0,40.22,24,1019.76
2024-12-13,PRD-1006,Yoga Mat Premium,Sports,Wholesale,42.49,12.0,42.26,57,2421.93
2024-12-15,PRD-1006,Yoga Mat Premium,Sports,Enterprise,34.99,12.0,47.41,37,1294.63
2024-12-24,PRD-1006,Yoga Mat Premium,Sports,Wholesale,34.99,12.0,38.8,75,2624.25
2024-12-26,PRD-1006,Yoga Mat Premium,Sports,Retail,42.49,12.0,42.38,29,1232.21
2024-12-28,PRD-1006,Yoga Mat Premium,Sports,Direct,34.99,12.0,35.76,23,804.77
2024-01-02,PRD-1007,Resistance Bands Set,Sports,Retail,18.74,7.5,29.72,37,693.38
2024-01-02,PRD-1007,Resistance Bands Set,Sports,Direct,28.11,7.5,23.66,9,252.99
2024-01-03,PRD-1007,Resistance Bands Set,Sports,Retail,23.43,7.5,29.14,21,492.03
2024-01-07,PRD-1007,Resistance Bands Set,Sports,Wholesale,23.43,7.5,27.94,38,890.34
2024-01-09,PRD-1007,Resistance Bands Set,Sports,Wholesale,18.74,7.5,28.18,48,899.52
2024-01-09,PRD-1007,Resistance Bands Set,Sports,Wholesale,28.11,7.5,26.42,27,758.97
2024-01-12,PRD-1007,Resistance Bands Set,Sports,Enterprise,18.74,7.5,30.87,29,543.46
2024-01-13,PRD-1007,Resistance Bands Set,Sports,Enterprise,28.11,7.5,27.17,11,309.21
2024-01-13,PRD-1007,Resistance Bands Set,Sports,Direct,23.43,7.5,27.34,14,328.02
2024-01-14,PRD-1007,Resistance Bands Set,Sports,Retail,28.11,7.5,28.37,18,505.98
2024-01-16,PRD-1007,Resistance Bands Set,Sports,Enterprise,23.43,7.5,31.1,17,398.31
2024-01-17,PRD-1007,Resistance Bands Set,Sports,Direct,18.74,7.5,24.16,22,412.28
2024-02-08,PRD-1007,Resistance Bands Set,Sports,Enterprise,24.99,7.5,28.73,15,374.85
2024-02-10,PRD-1007,Resistance Bands Set,Sports,Wholesale,24.99,7.5,24.93,30,749.7
2024-02-10,PRD-1007,Resistance Bands Set,Sports,Direct,20.3,7.5,27.75,17,345.1
2024-02-12,PRD-1007,Resistance Bands Set,Sports,Direct,24.99,7.5,26.25,13,324.87
2024-02-20,PRD-1007,Resistance Bands Set,Sports,Retail,24.99,7.5,31.28,24,599.76
2024-02-20,PRD-1007,Resistance Bands Set,Sports,Wholesale,20.3,7.5,27.98,52,1055.6
2024-02-26,PRD-1007,Resistance Bands Set,Sports,Retail,20.3,7.5,32.36,30,609.0
2024-02-26,PRD-1007,Resistance Bands Set,Sports,Enterprise,20.3,7.5,30.26,23,466.9
2024-03-01,PRD-1007,Resistance Bands Set,Sports,Enterprise,21.87,7.5,34.18,26,568.62
2024-03-02,PRD-1007,Resistance Bands Set,Sports,Direct,26.55,7.5,28.4,10,265.5
2024-03-05,PRD-1007,Resistance Bands Set,Sports,Wholesale,21.87,7.5,28.47,44,962.28
2024-03-15,PRD-1007,Resistance Bands Set,Sports,Enterprise,26.55,7.5,30.99,15,398.25
2024-03-21,PRD-1007,Resistance Bands Set,Sports,Wholesale,26.55,7.5,25.7,37,982.35
2024-03-23,PRD-1007,Resistance Bands Set,Sports,Retail,21.87,7.5,28.77,29,634.23
2024-03-23,PRD-1007,Resistance Bands Set,Sports,Direct,21.87,7.5,27.52,14,306.18
2024-03-28,PRD-1007,Resistance Bands Set,Sports,Retail,26.55,7.5,29.05,18,477.9
2024-04-02,PRD-1007,Resistance Bands Set,Sports,Wholesale,23.43,7.5,26.3,36,843.48
2024-04-04,PRD-1007,Resistance Bands Set,Sports,Enterprise,28.11,7.5,28.0,18,505.98
2024-04-06,PRD-1007,Resistance Bands Set,Sports,Retail,23.43,7.5,28.34,31,726.33
2024-04-07,PRD-1007,Resistance Bands Set,Sports,Direct,23.43,7.5,25.01,15,351.45
2024-04-08,PRD-1007,Resistance Bands Set,Sports,Retail,28.11,7.5,31.28,22,618.42
2024-04-09,PRD-1007,Resistance Bands Set,Sports,Enterprise,23.43,7.5,34.14,21,492.03
2024-04-10,PRD-1007,Resistance Bands Set,Sports,Wholesale,28.11,7.5,27.96,34,955.74
2024-04-27,PRD-1007,Resistance Bands Set,Sports,Direct,28.11,7.5,25.88,11,309.21
2024-05-02,PRD-1007,Resistance Bands Set,Sports,Enterprise,24.99,7.5,31.46,18,449.82
2024-05-03,PRD-1007,Resistance Bands Set,Sports,Retail,29.68,7.5,28.11,16,474.88
2024-05-05,PRD-1007,Resistance Bands Set,Sports,Direct,29.68,7.5,25.1,11,326.48
2024-05-08,PRD-1007,Resistance Bands Set,Sports,Direct,24.99,7.5,24.81,17,424.83
2024-05-14,PRD-1007,Resistance Bands Set,Sports,Retail,24.99,7.5,29.32,24,599.76
2024-05-17,PRD-1007,Resistance Bands Set,Sports,Wholesale,24.99,7.5,26.57,42,1049.58
2024-05-17,PRD-1007,Resistance Bands Set,Sports,Wholesale,29.68,7.5,24.81,27,801.36
2024-05-22,PRD-1007,Resistance Bands Set,Sports,Enterprise,29.68,7.5,26.81,15,445.2
2024-06-01,PRD-1007,Resistance Bands Set,Sports,Enterprise,26.55,7.5,27.84,22,584.1
2024-06-01,PRD-1007,Resistance Bands Set,Sports,Direct,31.24,7.5,22.75,10,312.4
2024-06-03,PRD-1007,Resistance Bands Set,Sports,Retail,26.55,7.5,25.28,27,716.85
2024-06-09,PRD-1007,Resistance Bands Set,Sports,Retail,31.24,7.5,28.13,21,656.04
2024-06-11,PRD-1007,Resistance Bands Set,Sports,Direct,26.55,7.5,24.66,14,371.7
2024-06-23,PRD-1007,Resistance Bands Set,Sports,Wholesale,26.55,7.5,22.07,39,1035.45
2024-06-25,PRD-1007,Resistance Bands Set,Sports,Wholesale,31.24,7.5,21.92,32,999.68
2024-06-27,PRD-1007,Resistance Bands Set,Sports,Enterprise,31.24,7.5,26.38,14,437.36
2024-07-01,PRD-1007,Resistance Bands Set,Sports,Enterprise,28.11,7.5,23.19,19,534.09
2024-07-03,PRD-1007,Resistance Bands Set,Sports,Direct,18.74,7.5,19.97,27,505.98
2024-07-07,PRD-1007,Resistance Bands Set,Sports,Wholesale,18.74,7.5,20.38,84,1574.16
2024-07-07,PRD-1007,Resistance Bands Set,Sports,Direct,28.11,7.5,20.77,15,421.65
2024-07-08,PRD-1007,Resistance Bands Set,Sports,Wholesale,28.11,7.5,24.6,34,955.74
2024-07-09,PRD-1007,Resistance Bands Set,Sports,Retail,28.11,7.5,24.65,19,534.09
2024-07-21,PRD-1007,Resistance Bands Set,Sports,Enterprise,18.74,7.5,25.32,32,599.68
2024-07-28,PRD-1007,Resistance Bands Set,Sports,Retail,18.74,7.5,22.34,45,843.3
2024-08-01,PRD-1007,Resistance Bands Set,Sports,Retail,29.68,7.5,23.88,20,593.6
2024-08-04,PRD-1007,Resistance Bands Set,Sports,Retail,20.3,7.5,20.66,34,690.2
2024-08-04,PRD-1007,Resistance Bands Set,Sports,Wholesale,29.68,7.5,22.44,36,1068.48
2024-08-10,PRD-1007,Resistance Bands Set,Sports,Wholesale,20.3,7.5,21.68,53,1075.9
2024-08-14,PRD-1007,Resistance Bands Set,Sports,Enterprise,20.3,7.5,22.78,28,568.4
2024-08-21,PRD-1007,Resistance Bands Set,Sports,Direct,20.3,7.5,20.4,20,406.0
2024-08-24,PRD-1007,Resistance Bands Set,Sports,Enterprise,29.68,7.5,24.79,18,534.24
2024-08-27,PRD-1007,Resistance Bands Set,Sports,Direct,29.68,7.5,22.56,10,296.8
2024-09-06,PRD-1007,Resistance Bands Set,Sports,Wholesale,31.24,7.5,18.85,23,718.52
2024-09-15,PRD-1007,Resistance Bands Set,Sports,Retail,21.87,7.5,20.35,28,612.36
2024-09-15,PRD-1007,Resistance Bands Set,Sports,Wholesale,21.87,7.5,22.66,43,940.41
2024-09-17,PRD-1007,Resistance Bands Set,Sports,Enterprise,31.24,7.5,23.75,14,437.36
2024-09-21,PRD-1007,Resistance Bands Set,Sports,Retail,31.24,7.5,23.73,16,499.84
2024-09-22,PRD-1007,Resistance Bands Set,Sports,Enterprise,21.87,7.5,22.17,26,568.62
2024-09-23,PRD-1007,Resistance Bands Set,Sports,Direct,31.24,7.5,20.32,10,312.4
2024-09-24,PRD-1007,Resistance Bands Set,Sports,Direct,21.87,7.5,19.89,21,459.27
2024-10-01,PRD-1007,Resistance Bands Set,Sports,Retail,23.43,7.5,23.75,31,726.33
2024-10-03,PRD-1007,Resistance Bands Set,Sports,Retail,18.74,7.5,24.48,47,880.78
2024-10-09,PRD-1007,Resistance Bands Set,Sports,Wholesale,18.74,7.5,22.47,61,1143.14
2024-10-09,PRD-1007,Resistance Bands Set,Sports,Direct,23.43,7.5,22.28,18,421.74
2024-10-16,PRD-1007,Resistance Bands Set,Sports,Enterprise,23.43,7.5,22.72,27,632.61
2024-10-17,PRD-1007,Resistance Bands Set,Sports,Wholesale,23.43,7.5,19.27,46,1077.78
2024-10-18,PRD-1007,Resistance Bands Set,Sports,Enterprise,18.74,7.5,25.58,30,562.2
2024-10-24,PRD-1007,Resistance Bands Set,Sports,Direct,18.74,7.5,22.01,25,468.5
2024-11-02,PRD-1007,Resistance Bands Set,Sports,Wholesale,20.3,7.5,21.19,64,1299.2
2024-11-07,PRD-1007,Resistance Bands Set,Sports,Enterprise,20.3,7.5,25.98,36,730.8
2024-11-11,PRD-1007,Resistance Bands Set,Sports,Retail,24.99,7.5,26.12,31,774.69
2024-11-14,PRD-1007,Resistance Bands Set,Sports,Direct,24.99,7.5,22.89,21,524.79
2024-11-18,PRD-1007,Resistance Bands Set,Sports,Enterprise,24.99,7.5,23.71,29,724.71
2024-11-21,PRD-1007,Resistance Bands Set,Sports,Direct,20.3,7.5,23.09,26,527.8
2024-11-22,PRD-1007,Resistance Bands Set,Sports,Wholesale,24.99,7.5,22.61,44,1099.56
2024-11-26,PRD-1007,Resistance Bands Set,Sports,Retail,20.3,7.5,25.11,49,994.7
2024-12-05,PRD-1007,Resistance Bands Set,Sports,Direct,21.87,7.5,21.74,26,568.62
2024-12-06,PRD-1007,Resistance Bands Set,Sports,Wholesale,21.87,7.5,25.37,62,1355.94
2024-12-06,PRD-1007,Resistance Bands Set,Sports,Wholesale,26.55,7.5,23.06,55,1460.25
2024-12-06,PRD-1007,Resistance Bands Set,Sports,Direct,26.55,7.5,24.2,19,504.45
2024-12-09,PRD-1007,Resistance Bands Set,Sports,Retail,21.87,7.5,28.12,43,940.41
2024-12-17,PRD-1007,Resistance Bands Set,Sports,Enterprise,21.87,7.5,28.19,30,656.1
2024-12-18,PRD-1007,Resistance Bands Set,Sports,Retail,26.55,7.5,24.63,27,716.85
2024-12-27,PRD-1007,Resistance Bands Set,Sports,Enterprise,26.55,7.5,25.09,28,743.4
2024-01-02,PRD-1008,Protein Powder Vanilla 2lb,Health,Retail,51.55,25.0,62.53,20,1031.0
2024-01-02,PRD-1008,Protein Powder Vanilla 2lb,Health,Wholesale,41.24,25.0,62.03,44,1814.56
2024-01-02,PRD-1008,Protein Powder Vanilla 2lb,Health,Enterprise,41.24,25.0,70.82,23,948.52
2024-01-03,PRD-1008,Protein Powder Vanilla 2lb,Health,Retail,41.24,25.0,57.03,28,1154.72
2024-01-05,PRD-1008,Protein Powder Vanilla 2lb,Health,Enterprise,51.55,25.0,68.93,21,1082.55
2024-01-08,PRD-1008,Protein Powder Vanilla 2lb,Health,Retail,61.86,25.0,58.29,18,1113.48
2024-01-19,PRD-1008,Protein Powder Vanilla 2lb,Health,Wholesale,61.86,25.0,59.36,24,1484.64
2024-01-20,PRD-1008,Protein Powder Vanilla 2lb,Health,Direct,41.24,25.0,51.08,20,824.8
2024-01-21,PRD-1008,Protein Powder Vanilla 2lb,Health,Wholesale,51.55,25.0,62.52,44,2268.2
2024-01-22,PRD-1008,Protein Powder Vanilla 2lb,Health,Direct,61.86,25.0,55.69,12,742.32
2024-01-24,PRD-1008,Protein Powder Vanilla 2lb,Health,Enterprise,61.86,25.0,59.41,12,742.32
2024-01-26,PRD-1008,Protein Powder Vanilla 2lb,Health,Direct,51.55,25.0,56.27,15,773.25
2024-02-07,PRD-1008,Protein Powder Vanilla 2lb,Health,Wholesale,54.99,25.0,65.76,33,1814.67
2024-02-10,PRD-1008,Protein Powder Vanilla 2lb,Health,Wholesale,44.68,25.0,66.18,45,2010.6
2024-02-13,PRD-1008,Protein Powder Vanilla 2lb,Health,Enterprise,44.68,25.0,69.8,22,982.96
2024-02-15,PRD-1008,Protein Powder Vanilla 2lb,Health,Retail,54.99,25.0,68.82,24,1319.76
2024-02-17,PRD-1008,Protein Powder Vanilla 2lb,Health,Direct,54.99,25.0,60.22,12,659.88
2024-02-21,PRD-1008,Protein Powder Vanilla 2lb,Health,Direct,44.68,25.0,59.22,21,938.28
2024-02-22,PRD-1008,Protein Powder Vanilla 2lb,Health,Retail,44.68,25.0,66.66,32,1429.76
2024-02-22,PRD-1008,Protein Powder Vanilla 2lb,Health,Enterprise,54.99,25.0,64.43,19,1044.81
2024-03-01,PRD-1008,Protein Powder Vanilla 2lb,Health,Enterprise,48.12,25.0,69.73,23,1106.76
2024-03-05,PRD-1008,Protein Powder Vanilla 2lb,Health,Direct,48.12,25.0,63.33,16,769.92
2024-03-05,PRD-1008,Protein Powder Vanilla 2lb,Health,Direct,58.43,25.0,62.31,13,759.59
2024-03-06,PRD-1008,Protein Powder Vanilla 2lb,Health,Retail,58.43,25.0,65.28,24,1402.32
2024-03-07,PRD-1008,Protein Powder Vanilla 2lb,Health,Wholesale,48.12,25.0,63.44,49,2357.88
2024-03-08,PRD-1008,Protein Powder Vanilla 2lb,Health,Wholesale,58.43,25.0,56.64,39,2278.77
2024-03-23,PRD-1008,Protein Powder Vanilla 2lb,Health,Enterprise,58.43,25.0,65.44,14,818.02
2024-03-27,PRD-1008,Protein Powder Vanilla 2lb,Health,Retail,48.12,25.0,70.89,24,1154.88
2024-04-02,PRD-1008,Protein Powder Vanilla 2lb,Health,Direct,51.55,25.0,59.19,14,721.7
2024-04-06,PRD-1008,Protein Powder Vanilla 2lb,Health,Retail,61.86,25.0,68.21,16,989.76
2024-04-10,PRD-1008,Protein Powder Vanilla 2lb,Health,Enterprise,51.55,25.0,66.42,19,979.45
2024-04-12,PRD-1008,Protein Powder Vanilla 2lb,Health,Wholesale,51.55,25.0,66.2,45,2319.75
2024-04-13,PRD-1008,Protein Powder Vanilla 2lb,Health,Retail,51.55,25.0,65.74,26,1340.3
2024-04-17,PRD-1008,Protein Powder Vanilla 2lb,Health,Wholesale,61.86,25.0,65.84,34,2103.24
2024-04-17,PRD-1008,Protein Powder Vanilla 2lb,Health,Direct,61.86,25.0,56.07,10,618.6
2024-04-26,PRD-1008,Protein Powder Vanilla 2lb,Health,Enterprise,61.86,25.0,63.22,16,989.76
2024-05-06,PRD-1008,Protein Powder Vanilla 2lb,Health,Wholesale,54.99,25.0,62.93,36,1979.64
2024-05-09,PRD-1008,Protein Powder Vanilla 2lb,Health,Retail,65.3,25.0,64.0,17,1110.1
2024-05-10,PRD-1008,Protein Powder Vanilla 2lb,Health,Enterprise,54.99,25.0,66.53,18,989.82
2024-05-20,PRD-1008,Protein Powder Vanilla 2lb,Health,Enterprise,65.3,25.0,71.5,13,848.9
2024-05-25,PRD-1008,Protein Powder Vanilla 2lb,Health,Wholesale,65.3,25.0,53.13,34,2220.2
2024-05-25,PRD-1008,Protein Powder Vanilla 2lb,Health,Direct,65.3,25.0,60.12,12,783.6
2024-05-27,PRD-1008,Protein Powder Vanilla 2lb,Health,Direct,54.99,25.0,51.71,15,824.85
2024-05-28,PRD-1008,Protein Powder Vanilla 2lb,Health,Retail,54.99,25.0,66.52,21,1154.79
2024-06-01,PRD-1008,Protein Powder Vanilla 2lb,Health,Wholesale,58.43,25.0,49.01,37,2161.91
2024-06-01,PRD-1008,Protein Powder Vanilla 2lb,Health,Wholesale,68.74,25.0,54.02,29,1993.46
2024-06-13,PRD-1008,Protein Powder Vanilla 2lb,Health,Enterprise,68.74,25.0,55.21,14,962.36
2024-06-15,PRD-1008,Protein Powder Vanilla 2lb,Health,Retail,68.74,25.0,56.07,16,1099.84
2024-06-17,PRD-1008,Protein Powder Vanilla 2lb,Health,Retail,58.43,25.0,54.4,21,1227.03
2024-06-17,PRD-1008,Protein Powder Vanilla 2lb,Health,Direct,68.74,25.0,56.39,10,687.4
2024-06-21,PRD-1008,Protein Powder Vanilla 2lb,Health,Enterprise,58.43,25.0,61.6,19,1110.17
2024-06-27,PRD-1008,Protein Powder Vanilla 2lb,Health,Direct,58.43,25.0,54.32,16,934.88
2024-07-01,PRD-1008,Protein Powder Vanilla 2lb,Health,Retail,41.24,25.0,49.41,46,1897.04
2024-07-03,PRD-1008,Protein Powder Vanilla 2lb,Health,Wholesale,41.24,25.0,48.21,66,2721.84
2024-07-08,PRD-1008,Protein Powder Vanilla 2lb,Health,Enterprise,61.86,25.0,57.81,18,1113.48
2024-07-11,PRD-1008,Protein Powder Vanilla 2lb,Health,Wholesale,61.86,25.0,45.37,42,2598.12
2024-07-19,PRD-1008,Protein Powder Vanilla 2lb,Health,Direct,41.24,25.0,44.35,31,1278.44
2024-07-22,PRD-1008,Protein Powder Vanilla 2lb,Health,Retail,61.86,25.0,53.38,22,1360.92
2024-07-23,PRD-1008,Protein Powder Vanilla 2lb,Health,Direct,61.86,25.0,47.65,12,742.32
2024-07-25,PRD-1008,Protein Powder Vanilla 2lb,Health,Enterprise,41.24,25.0,58.16,35,1443.4
2024-08-03,PRD-1008,Protein Powder Vanilla 2lb,Health,Enterprise,65.3,25.0,52.98,19,1240.7
2024-08-09,PRD-1008,Protein Powder Vanilla 2lb,Health,Retail,44.68,25.0,46.67,34,1519.12
2024-08-09,PRD-1008,Protein Powder Vanilla 2lb,Health,Wholesale,44.68,25.0,41.84,50,2234.0
2024-08-10,PRD-1008,Protein Powder Vanilla 2lb,Health,Retail,65.3,25.0,54.62,20,1306.0
2024-08-11,PRD-1008,Protein Powder Vanilla 2lb,Health,Enterprise,44.68,25.0,48.75,29,1295.72
2024-08-13,PRD-1008,Protein Powder Vanilla 2lb,Health,Wholesale,65.3,25.0,49.51,32,2089.6
2024-08-17,PRD-1008,Protein Powder Vanilla 2lb,Health,Direct,65.3,25.0,49.43,11,718.3
2024-08-27,PRD-1008,Protein Powder Vanilla 2lb,Health,Direct,44.68,25.0,44.52,24,1072.32
2024-09-03,PRD-1008,Protein Powder Vanilla 2lb,Health,Wholesale,68.74,25.0,47.34,26,1787.24
2024-09-12,PRD-1008,Protein Powder Vanilla 2lb,Health,Retail,48.12,25.0,51.77,35,1684.2
2024-09-19,PRD-1008,Protein Powder Vanilla 2lb,Health,Enterprise,68.74,25.0,52.59,14,962.36
2024-09-20,PRD-1008,Protein Powder Vanilla 2lb,Health,Retail,68.74,25.0,50.81,15,1031.1
2024-09-21,PRD-1008,Protein Powder Vanilla 2lb,Health,Direct,68.74,25.0,48.35,11,756.14
2024-09-24,PRD-1008,Protein Powder Vanilla 2lb,Health,Enterprise,48.12,25.0,46.98,25,1203.0
2024-09-27,PRD-1008,Protein Powder Vanilla 2lb,Health,Wholesale,48.12,25.0,44.65,46,2213.52
2024-09-27,PRD-1008,Protein Powder Vanilla 2lb,Health,Direct,48.12,25.0,41.94,16,769.92
2024-10-03,PRD-1008,Protein Powder Vanilla 2lb,Health,Wholesale,51.55,25.0,50.64,48,2474.4
2024-10-08,PRD-1008,Protein Powder Vanilla 2lb,Health,Retail,41.24,25.0,53.38,41,1690.84
2024-10-11,PRD-1008,Protein Powder Vanilla 2lb,Health,Retail,51.55,25.0,50.44,31,1598.05
2024-10-14,PRD-1008,Protein Powder Vanilla 2lb,Health,Direct,41.24,25.0,48.11,27,1113.48
2024-10-16,PRD-1008,Protein Powder Vanilla 2lb,Health,Wholesale,41.24,25.0,48.19,70,2886.8
2024-10-16,PRD-1008,Protein Powder Vanilla 2lb,Health,Enterprise,51.55,25.0,57.25,25,1288.75
2024-10-17,PRD-1008,Protein Powder Vanilla 2lb,Health,Enterprise,41.24,25.0,51.7,34,1402.16
2024-10-26,PRD-1008,Protein Powder Vanilla 2lb,Health,Direct,51.55,25.0,41.07,17,876.35
2024-11-01,PRD-1008,Protein Powder Vanilla 2lb,Health,Direct,54.99,25.0,47.87,20,1099.8
2024-11-05,PRD-1008,Protein Powder Vanilla 2lb,Health,Wholesale,54.99,25.0,47.83,43,2364.57
2024-11-05,PRD-1008,Protein Powder Vanilla 2lb,Health,Enterprise,54.99,25.0,56.74,21,1154.79
2024-11-09,PRD-1008,Protein Powder Vanilla 2lb,Health,Wholesale,44.68,25.0,51.34,61,2725.48
2024-11-18,PRD-1008,Protein Powder Vanilla 2lb,Health,Retail,54.99,25.0,50.83,37,2034.63
2024-11-23,PRD-1008,Protein Powder Vanilla 2lb,Health,Retail,44.68,25.0,56.75,46,2055.28
2024-11-24,PRD-1008,Protein Powder Vanilla 2lb,Health,Direct,44.68,25.0,51.69,24,1072.32
2024-11-28,PRD-1008,Protein Powder Vanilla 2lb,Health,Enterprise,44.68,25.0,56.36,32,1429.76
2024-12-10,PRD-1008,Protein Powder Vanilla 2lb,Health,Retail,48.12,25.0,60.98,47,2261.64
2024-12-10,PRD-1008,Protein Powder Vanilla 2lb,Health,Enterprise,58.43,25.0,62.19,27,1577.61
2024-12-11,PRD-1008,Protein Powder Vanilla 2lb,Health,Retail,58.43,25.0,52.96,33,1928.19
2024-12-13,PRD-1008,Protein Powder Vanilla 2lb,Health,Wholesale,58.43,25.0,56.81,56,3272.08
2024-12-17,PRD-1008,Protein Powder Vanilla 2lb,Health,Wholesale,48.12,25.0,49.51,75,3609.0
2024-12-23,PRD-1008,Protein Powder Vanilla 2lb,Health,Direct,48.12,25.0,55.66,24,1154.88
2024-12-25,PRD-1008,Protein Powder Vanilla 2lb,Health,Enterprise,48.12,25.0,62.42,30,1443.6
2024-12-27,PRD-1008,Protein Powder Vanilla 2lb,Health,Direct,58.43,25.0,56.08,17,993.31
2024-01-02,PRD-1009,Vitamin D3 + K2 Capsules,Health,Enterprise,21.55,6.5,24.53,19,409.45
2024-01-03,PRD-1009,Vitamin D3 + K2 Capsules,Health,Wholesale,21.55,6.5,24.83,31,668.05
2024-01-07,PRD-1009,Vitamin D3 + K2 Capsules,Health,Wholesale,25.86,6.5,22.4,33,853.38
2024-01-07,PRD-1009,Vitamin D3 + K2 Capsules,Health,Direct,21.55,6.5,22.27,16,344.8
2024-01-08,PRD-1009,Vitamin D3 + K2 Capsules,Health,Retail,25.86,6.5,26.39,17,439.62
2024-01-08,PRD-1009,Vitamin D3 + K2 Capsules,Health,Enterprise,17.24,6.5,27.86,28,482.72
2024-01-10,PRD-1009,Vitamin D3 + K2 Capsules,Health,Direct,17.24,6.5,23.78,17,293.08
2024-01-12,PRD-1009,Vitamin D3 + K2 Capsules,Health,Retail,21.55,6.5,28.42,27,581.85
2024-01-16,PRD-1009,Vitamin D3 + K2 Capsules,Health,Wholesale,17.24,6.5,23.62,47,810.28
2024-01-18,PRD-1009,Vitamin D3 + K2 Capsules,Health,Direct,25.86,6.5,23.39,9,232.74
2024-01-19,PRD-1009,Vitamin D3 + K2 Capsules,Health,Retail,17.24,6.5,26.49,30,517.2
2024-01-23,PRD-1009,Vitamin D3 + K2 Capsules,Health,Enterprise,25.86,6.5,25.01,14,362.04
2024-02-04,PRD-1009,Vitamin D3 + K2 Capsules,Health,Retail,22.99,6.5,24.68,23,528.77
2024-02-09,PRD-1009,Vitamin D3 + K2 Capsules,Health,Wholesale,18.68,6.5,24.62,50,934.0
2024-02-20,PRD-1009,Vitamin D3 + K2 Capsules,Health,Enterprise,22.99,6.5,29.77,19,436.81
2024-02-20,PRD-1009,Vitamin D3 + K2 Capsules,Health,Direct,18.68,6.5,23.27,16,298.88
2024-02-22,PRD-1009,Vitamin D3 + K2 Capsules,Health,Direct,22.99,6.5,22.26,14,321.86
2024-02-24,PRD-1009,Vitamin D3 + K2 Capsules,Health,Wholesale,22.99,6.5,24.09,40,919.6
2024-02-24,PRD-1009,Vitamin D3 + K2 Capsules,Health,Enterprise,18.68,6.5,29.97,23,429.64
2024-02-26,PRD-1009,Vitamin D3 + K2 Capsules,Health,Retail,18.68,6.5,29.41,29,541.72
2024-03-01,PRD-1009,Vitamin D3 + K2 Capsules,Health,Wholesale,20.12,6.5,25.72,49,985.88
2024-03-13,PRD-1009,Vitamin D3 + K2 Capsules,Health,Retail,24.43,6.5,28.62,19,464.17
2024-03-16,PRD-1009,Vitamin D3 + K2 Capsules,Health,Direct,24.43,6.5,24.34,12,293.16
2024-03-19,PRD-1009,Vitamin D3 + K2 Capsules,Health,Direct,20.12,6.5,23.16,14,281.68
2024-03-21,PRD-1009,Vitamin D3 + K2 Capsules,Health,Enterprise,20.12,6.5,28.94,25,503.0
2024-03-21,PRD-1009,Vitamin D3 + K2 Capsules,Health,Enterprise,24.43,6.5,27.62,15,366.45
2024-03-23,PRD-1009,Vitamin D3 + K2 Capsules,Health,Retail,20.12,6.5,25.7,26,523.12
2024-03-24,PRD-1009,Vitamin D3 + K2 Capsules,Health,Wholesale,24.43,6.5,26.16,38,928.34
2024-04-05,PRD-1009,Vitamin D3 + K2 Capsules,Health,Direct,21.55,6.5,23.03,15,323.25
2024-04-10,PRD-1009,Vitamin D3 + K2 Capsules,Health,Direct,25.86,6.5,26.26,10,258.6
2024-04-15,PRD-1009,Vitamin D3 + K2 Capsules,Health,Wholesale,21.55,6.5,26.33,39,840.45
2024-04-15,PRD-1009,Vitamin D3 + K2 Capsules,Health,Enterprise,21.55,6.5,26.36,20,431.0
2024-04-16,PRD-1009,Vitamin D3 + K2 Capsules,Health,Wholesale,25.86,6.5,22.89,30,775.8
2024-04-21,PRD-1009,Vitamin D3 + K2 Capsules,Health,Enterprise,25.86,6.5,28.07,14,362.04
2024-04-22,PRD-1009,Vitamin D3 + K2 Capsules,Health,Retail,21.55,6.5,25.48,22,474.1
2024-04-27,PRD-1009,Vitamin D3 + K2 Capsules,Health,Retail,25.86,6.5,25.34,23,594.78
2024-05-01,PRD-1009,Vitamin D3 + K2 Capsules,Health,Direct,22.99,6.5,23.17,14,321.86
2024-05-07,PRD-1009,Vitamin D3 + K2 Capsules,Health,Enterprise,27.3,6.5,26.59,18,491.4
2024-05-09,PRD-1009,Vitamin D3 + K2 Capsules,Health,Wholesale,27.3,6.5,23.38,33,900.9
2024-05-15,PRD-1009,Vitamin D3 + K2 Capsules,Health,Retail,27.3,6.5,27.92,22,600.6
2024-05-16,PRD-1009,Vitamin D3 + K2 Capsules,Health,Enterprise,22.99,6.5,29.82,23,528.77
2024-05-23,PRD-1009,Vitamin D3 + K2 Capsules,Health,Retail,22.99,6.5,28.08,21,482.79
2024-05-23,PRD-1009,Vitamin D3 + K2 Capsules,Health,Direct,27.3,6.5,22.31,13,354.9
2024-05-26,PRD-1009,Vitamin D3 + K2 Capsules,Health,Wholesale,22.99,6.5,23.74,41,942.59
2024-06-03,PRD-1009,Vitamin D3 + K2 Capsules,Health,Wholesale,24.43,6.5,24.47,35,855.05
2024-06-03,PRD-1009,Vitamin D3 + K2 Capsules,Health,Enterprise,28.74,6.5,23.68,18,517.32
2024-06-16,PRD-1009,Vitamin D3 + K2 Capsules,Health,Direct,24.43,6.5,20.25,13,317.59
2024-06-17,PRD-1009,Vitamin D3 + K2 Capsules,Health,Direct,28.74,6.5,23.6,12,344.88
2024-06-18,PRD-1009,Vitamin D3 + K2 Capsules,Health,Retail,28.74,6.5,26.09,16,459.84
2024-06-21,PRD-1009,Vitamin D3 + K2 Capsules,Health,Retail,24.43,6.5,24.53,26,635.18
2024-06-26,PRD-1009,Vitamin D3 + K2 Capsules,Health,Wholesale,28.74,6.5,20.96,31,890.94
2024-06-28,PRD-1009,Vitamin D3 + K2 Capsules,Health,Enterprise,24.43,6.5,24.38,18,439.74
2024-07-02,PRD-1009,Vitamin D3 + K2 Capsules,Health,Retail,17.24,6.5,23.87,44,758.56
2024-07-02,PRD-1009,Vitamin D3 + K2 Capsules,Health,Direct,25.86,6.5,21.99,12,310.32
2024-07-03,PRD-1009,Vitamin D3 + K2 Capsules,Health,Wholesale,17.24,6.5,18.96,56,965.44
2024-07-08,PRD-1009,Vitamin D3 + K2 Capsules,Health,Retail,25.86,6.5,22.86,27,698.22
2024-07-10,PRD-1009,Vitamin D3 + K2 Capsules,Health,Direct,17.24,6.5,19.67,26,448.24
2024-07-13,PRD-1009,Vitamin D3 + K2 Capsules,Health,Enterprise,25.86,6.5,24.7,19,491.34
2024-07-20,PRD-1009,Vitamin D3 + K2 Capsules,Health,Enterprise,17.24,6.5,23.42,31,534.44
2024-07-24,PRD-1009,Vitamin D3 + K2 Capsules,Health,Wholesale,25.86,6.5,20.15,33,853.38
2024-08-03,PRD-1009,Vitamin D3 + K2 Capsules,Health,Retail,27.3,6.5,19.57,22,600.6
2024-08-03,PRD-1009,Vitamin D3 + K2 Capsules,Health,Enterprise,27.3,6.5,23.18,18,491.4
2024-08-05,PRD-1009,Vitamin D3 + K2 Capsules,Health,Enterprise,18.68,6.5,20.3,25,467.0
2024-08-15,PRD-1009,Vitamin D3 + K2 Capsules,Health,Direct,18.68,6.5,18.61,23,429.64
2024-08-16,PRD-1009,Vitamin D3 + K2 Capsules,Health,Direct,27.3,6.5,18.83,12,327.6
2024-08-17,PRD-1009,Vitamin D3 + K2 Capsules,Health,Wholesale,27.3,6.5,21.08,33,900.9
2024-08-21,PRD-1009,Vitamin D3 + K2 Capsules,Health,Retail,18.68,6.5,21.75,38,709.84
2024-08-28,PRD-1009,Vitamin D3 + K2 Capsules,Health,Wholesale,18.68,6.5,17.96,60,1120.8
2024-09-01,PRD-1009,Vitamin D3 + K2 Capsules,Health,Retail,28.74,6.5,21.0,17,488.58
2024-09-01,PRD-1009,Vitamin D3 + K2 Capsules,Health,Retail,20.12,6.5,21.6,35,704.2
2024-09-09,PRD-1009,Vitamin D3 + K2 Capsules,Health,Wholesale,20.12,6.5,19.3,45,905.4
2024-09-09,PRD-1009,Vitamin D3 + K2 Capsules,Health,Direct,28.74,6.5,19.63,12,344.88
2024-09-11,PRD-1009,Vitamin D3 + K2 Capsules,Health,Enterprise,20.12,6.5,20.82,26,523.12
2024-09-15,PRD-1009,Vitamin D3 + K2 Capsules,Health,Direct,20.12,6.5,19.16,19,382.28
2024-09-16,PRD-1009,Vitamin D3 + K2 Capsules,Health,Enterprise,28.74,6.5,22.02,15,431.1
2024-09-18,PRD-1009,Vitamin D3 + K2 Capsules,Health,Wholesale,28.74,6.5,17.49,27,775.98
2024-10-02,PRD-1009,Vitamin D3 + K2 Capsules,Health,Retail,17.24,6.5,20.09,45,775.8
2024-10-03,PRD-1009,Vitamin D3 + K2 Capsules,Health,Wholesale,17.24,6.5,21.15,69,1189.56
2024-10-08,PRD-1009,Vitamin D3 + K2 Capsules,Health,Wholesale,21.55,6.5,19.3,42,905.1
2024-10-09,PRD-1009,Vitamin D3 + K2 Capsules,Health,Enterprise,21.55,6.5,20.8,25,538.75
2024-10-15,PRD-1009,Vitamin D3 + K2 Capsules,Health,Direct,21.55,6.5,19.62,16,344.8
2024-10-21,PRD-1009,Vitamin D3 + K2 Capsules,Health,Retail,21.55,6.5,20.51,28,603.4
2024-10-22,PRD-1009,Vitamin D3 + K2 Capsules,Health,Enterprise,17.24,6.5,21.96,27,465.48
2024-10-22,PRD-1009,Vitamin D3 + K2 Capsules,Health,Direct,17.24,6.5,20.49,26,448.24
2024-11-04,PRD-1009,Vitamin D3 + K2 Capsules,Health,Direct,18.68,6.5,18.85,26,485.68
2024-11-05,PRD-1009,Vitamin D3 + K2 Capsules,Health,Retail,18.68,6.5,21.36,42,784.56
2024-11-10,PRD-1009,Vitamin D3 + K2 Capsules,Health,Enterprise,18.68,6.5,22.47,37,691.16
2024-11-18,PRD-1009,Vitamin D3 + K2 Capsules,Health,Retail,22.99,6.5,21.27,37,850.63
2024-11-21,PRD-1009,Vitamin D3 + K2 Capsules,Health,Enterprise,22.99,6.5,25.23,23,528.77
2024-11-22,PRD-1009,Vitamin D3 + K2 Capsules,Health,Wholesale,18.68,6.5,22.68,67,1251.56
2024-11-24,PRD-1009,Vitamin D3 + K2 Capsules,Health,Wholesale,22.99,6.5,21.77,48,1103.52
2024-11-25,PRD-1009,Vitamin D3 + K2 Capsules,Health,Direct,22.99,6.5,20.58,19,436.81
2024-12-04,PRD-1009,Vitamin D3 + K2 Capsules,Health,Direct,24.43,6.5,22.91,17,415.31
2024-12-17,PRD-1009,Vitamin D3 + K2 Capsules,Health,Wholesale,20.12,6.5,24.0,62,1247.44
2024-12-21,PRD-1009,Vitamin D3 + K2 Capsules,Health,Retail,20.12,6.5,24.5,38,764.56
2024-12-22,PRD-1009,Vitamin D3 + K2 Capsules,Health,Retail,24.43,6.5,22.42,29,708.47
2024-12-23,PRD-1009,Vitamin D3 + K2 Capsules,Health,Direct,20.12,6.5,21.63,26,523.12
2024-12-24,PRD-1009,Vitamin D3 + K2 Capsules,Health,Enterprise,24.43,6.5,23.38,25,610.75
2024-12-25,PRD-1009,Vitamin D3 + K2 Capsules,Health,Wholesale,24.43,6.5,21.33,48,1172.64
2024-12-25,PRD-1009,Vitamin D3 + K2 Capsules,Health,Enterprise,20.12,6.5,24.85,30,603.6
2024-01-01,PRD-1010,Cast Iron Skillet 12in,Kitchen,Enterprise,56.24,28.0,71.49,18,1012.32
2024-01-04,PRD-1010,Cast Iron Skillet 12in,Kitchen,Enterprise,44.99,28.0,75.26,30,1349.7
2024-01-06,PRD-1010,Cast Iron Skillet 12in,Kitchen,Wholesale,56.24,28.0,68.39,43,2418.32
2024-01-07,PRD-1010,Cast Iron Skillet 12in,Kitchen,Retail,44.99,28.0,61.05,35,1574.65
2024-01-08,PRD-1010,Cast Iron Skillet 12in,Kitchen,Direct,56.24,28.0,55.72,13,731.12
2024-01-11,PRD-1010,Cast Iron Skillet 12in,Kitchen,Wholesale,67.49,28.0,62.55,24,1619.76
2024-01-13,PRD-1010,Cast Iron Skillet 12in,Kitchen,Retail,56.24,28.0,72.3,25,1406.0
2024-01-14,PRD-1010,Cast Iron Skillet 12in,Kitchen,Enterprise,67.49,28.0,68.51,15,1012.35
2024-01-20,PRD-1010,Cast Iron Skillet 12in,Kitchen,Retail,67.49,28.0,68.8,15,1012.35
2024-01-25,PRD-1010,Cast Iron Skillet 12in,Kitchen,Direct,44.99,28.0,55.28,20,899.8
2024-01-25,PRD-1010,Cast Iron Skillet 12in,Kitchen,Direct,67.49,28.0,63.09,9,607.41
2024-01-27,PRD-1010,Cast Iron Skillet 12in,Kitchen,Wholesale,44.99,28.0,65.27,58,2609.42
2024-02-01,PRD-1010,Cast Iron Skillet 12in,Kitchen,Wholesale,59.99,28.0,62.77,36,2159.64
2024-02-07,PRD-1010,Cast Iron Skillet 12in,Kitchen,Retail,59.99,28.0,68.07,21,1259.79
2024-02-09,PRD-1010,Cast Iron Skillet 12in,Kitchen,Direct,48.74,28.0,61.43,21,1023.54
2024-02-09,PRD-1010,Cast Iron Skillet 12in,Kitchen,Direct,59.99,28.0,59.06,14,839.86
2024-02-10,PRD-1010,Cast Iron Skillet 12in,Kitchen,Retail,48.74,28.0,71.95,35,1705.9
2024-02-21,PRD-1010,Cast Iron Skillet 12in,Kitchen,Wholesale,48.74,28.0,66.57,52,2534.48
2024-02-24,PRD-1010,Cast Iron Skillet 12in,Kitchen,Enterprise,59.99,28.0,71.92,15,899.85
2024-02-27,PRD-1010,Cast Iron Skillet 12in,Kitchen,Enterprise,48.74,28.0,80.69,28,1364.72
2024-03-03,PRD-1010,Cast Iron Skillet 12in,Kitchen,Retail,52.49,28.0,77.49,24,1259.76
2024-03-07,PRD-1010,Cast Iron Skillet 12in,Kitchen,Retail,63.74,28.0,71.86,21,1338.54
2024-03-10,PRD-1010,Cast Iron Skillet 12in,Kitchen,Enterprise,63.74,28.0,70.45,16,1019.84
2024-03-11,PRD-1010,Cast Iron Skillet 12in,Kitchen,Enterprise,52.49,28.0,78.43,23,1207.27
2024-03-14,PRD-1010,Cast Iron Skillet 12in,Kitchen,Direct,63.74,28.0,65.74,12,764.88
2024-03-16,PRD-1010,Cast Iron Skillet 12in,Kitchen,Wholesale,63.74,28.0,72.18,33,2103.42
2024-03-17,PRD-1010,Cast Iron Skillet 12in,Kitchen,Wholesale,52.49,28.0,68.52,48,2519.52
2024-03-28,PRD-1010,Cast Iron Skillet 12in,Kitchen,Direct,52.49,28.0,63.7,16,839.84
2024-04-01,PRD-1010,Cast Iron Skillet 12in,Kitchen,Enterprise,56.24,28.0,76.97,18,1012.32
2024-04-02,PRD-1010,Cast Iron Skillet 12in,Kitchen,Direct,56.24,28.0,61.98,14,787.36
2024-04-03,PRD-1010,Cast Iron Skillet 12in,Kitchen,Retail,67.49,28.0,76.79,22,1484.78
2024-04-09,PRD-1010,Cast Iron Skillet 12in,Kitchen,Wholesale,56.24,28.0,61.46,36,2024.64
2024-04-09,PRD-1010,Cast Iron Skillet 12in,Kitchen,Enterprise,67.49,28.0,71.72,16,1079.84
2024-04-16,PRD-1010,Cast Iron Skillet 12in,Kitchen,Retail,56.24,28.0,77.08,29,1630.96
2024-04-17,PRD-1010,Cast Iron Skillet 12in,Kitchen,Direct,67.49,28.0,66.87,10,674.9
2024-04-22,PRD-1010,Cast Iron Skillet 12in,Kitchen,Wholesale,67.49,28.0,64.4,36,2429.64
2024-05-01,PRD-1010,Cast Iron Skillet 12in,Kitchen,Retail,59.99,28.0,67.76,27,1619.73
2024-05-04,PRD-1010,Cast Iron Skillet 12in,Kitchen,Wholesale,59.99,28.0,67.91,37,2219.63
2024-05-09,PRD-1010,Cast Iron Skillet 12in,Kitchen,Direct,59.99,28.0,67.08,14,839.86
2024-05-11,PRD-1010,Cast Iron Skillet 12in,Kitchen,Enterprise,59.99,28.0,66.87,20,1199.8
2024-05-11,PRD-1010,Cast Iron Skillet 12in,Kitchen,Direct,71.24,28.0,59.91,13,926.12
2024-05-12,PRD-1010,Cast Iron Skillet 12in,Kitchen,Enterprise,71.24,28.0,65.66,13,926.12
2024-05-15,PRD-1010,Cast Iron Skillet 12in,Kitchen,Wholesale,71.24,28.0,66.28,30,2137.2
2024-05-19,PRD-1010,Cast Iron Skillet 12in,Kitchen,Retail,71.24,28.0,70.35,21,1496.04
2024-06-03,PRD-1010,Cast Iron Skillet 12in,Kitchen,Retail,74.99,28.0,58.89,19,1424.81
2024-06-03,PRD-1010,Cast Iron Skillet 12in,Kitchen,Enterprise,74.99,28.0,68.12,14,1049.86
2024-06-04,PRD-1010,Cast Iron Skillet 12in,Kitchen,Direct,63.74,28.0,54.51,17,1083.58
2024-06-07,PRD-1010,Cast Iron Skillet 12in,Kitchen,Direct,74.99,28.0,55.57,11,824.89
2024-06-10,PRD-1010,Cast Iron Skillet 12in,Kitchen,Retail,63.74,28.0,61.21,27,1720.98
2024-06-13,PRD-1010,Cast Iron Skillet 12in,Kitchen,Wholesale,74.99,28.0,55.16,28,2099.72
2024-06-23,PRD-1010,Cast Iron Skillet 12in,Kitchen,Wholesale,63.74,28.0,59.51,39,2485.86
2024-06-25,PRD-1010,Cast Iron Skillet 12in,Kitchen,Enterprise,63.74,28.0,68.73,18,1147.32
2024-07-02,PRD-1010,Cast Iron Skillet 12in,Kitchen,Direct,67.49,28.0,47.85,15,1012.35
2024-07-05,PRD-1010,Cast Iron Skillet 12in,Kitchen,Retail,44.99,28.0,62.39,52,2339.48
2024-07-10,PRD-1010,Cast Iron Skillet 12in,Kitchen,Wholesale,44.99,28.0,53.61,66,2969.34
2024-07-11,PRD-1010,Cast Iron Skillet 12in,Kitchen,Enterprise,67.49,28.0,59.12,16,1079.84
2024-07-12,PRD-1010,Cast Iron Skillet 12in,Kitchen,Wholesale,67.49,28.0,49.52,42,2834.58
2024-07-13,PRD-1010,Cast Iron Skillet 12in,Kitchen,Enterprise,44.99,28.0,60.87,40,1799.6
2024-07-15,PRD-1010,Cast Iron Skillet 12in,Kitchen,Retail,67.49,28.0,56.59,22,1484.78
2024-07-25,PRD-1010,Cast Iron Skillet 12in,Kitchen,Direct,44.99,28.0,56.41,32,1439.68
2024-08-03,PRD-1010,Cast Iron Skillet 12in,Kitchen,Retail,71.24,28.0,59.67,18,1282.32
2024-08-08,PRD-1010,Cast Iron Skillet 12in,Kitchen,Wholesale,71.24,28.0,48.42,28,1994.72
2024-08-12,PRD-1010,Cast Iron Skillet 12in,Kitchen,Direct,48.74,28.0,48.46,26,1267.24
2024-08-13,PRD-1010,Cast Iron Skillet 12in,Kitchen,Enterprise,48.74,28.0,58.65,25,1218.5
2024-08-24,PRD-1010,Cast Iron Skillet 12in,Kitchen,Retail,48.74,28.0,57.59,38,1852.12
2024-08-24,PRD-1010,Cast Iron Skillet 12in,Kitchen,Wholesale,48.74,28.0,53.31,54,2631.96
2024-08-27,PRD-1010,Cast Iron Skillet 12in,Kitchen,Enterprise,71.24,28.0,60.41,15,1068.6
2024-08-27,PRD-1010,Cast Iron Skillet 12in,Kitchen,Direct,71.24,28.0,53.19,12,854.88
2024-09-05,PRD-1010,Cast Iron Skillet 12in,Kitchen,Wholesale,52.49,28.0,53.74,53,2781.97
2024-09-13,PRD-1010,Cast Iron Skillet 12in,Kitchen,Enterprise,74.99,28.0,51.37,12,899.88
2024-09-16,PRD-1010,Cast Iron Skillet 12in,Kitchen,Wholesale,74.99,28.0,51.62,32,2399.68
2024-09-17,PRD-1010,Cast Iron Skillet 12in,Kitchen,Retail,52.49,28.0,51.45,36,1889.64
2024-09-22,PRD-1010,Cast Iron Skillet 12in,Kitchen,Direct,74.99,28.0,45.16,9,674.91
2024-09-26,PRD-1010,Cast Iron Skillet 12in,Kitchen,Direct,52.49,28.0,43.75,18,944.82
2024-09-27,PRD-1010,Cast Iron Skillet 12in,Kitchen,Retail,74.99,28.0,53.62,17,1274.83
2024-09-28,PRD-1010,Cast Iron Skillet 12in,Kitchen,Enterprise,52.49,28.0,51.06,29,1522.21
2024-10-04,PRD-1010,Cast Iron Skillet 12in,Kitchen,Enterprise,44.99,28.0,59.86,30,1349.7
2024-10-09,PRD-1010,Cast Iron Skillet 12in,Kitchen,Retail,56.24,28.0,59.84,30,1687.2
2024-10-10,PRD-1010,Cast Iron Skillet 12in,Kitchen,Direct,44.99,28.0,51.11,28,1259.72
2024-10-14,PRD-1010,Cast Iron Skillet 12in,Kitchen,Wholesale,56.24,28.0,50.16,51,2868.24
2024-10-14,PRD-1010,Cast Iron Skillet 12in,Kitchen,Direct,56.24,28.0,54.11,15,843.6
2024-10-16,PRD-1010,Cast Iron Skillet 12in,Kitchen,Wholesale,44.99,28.0,46.29,59,2654.41
2024-10-17,PRD-1010,Cast Iron Skillet 12in,Kitchen,Retail,44.99,28.0,52.92,41,1844.59
2024-10-19,PRD-1010,Cast Iron Skillet 12in,Kitchen,Enterprise,56.24,28.0,51.87,22,1237.28
2024-11-01,PRD-1010,Cast Iron Skillet 12in,Kitchen,Direct,59.99,28.0,52.15,19,1139.81
2024-11-03,PRD-1010,Cast Iron Skillet 12in,Kitchen,Enterprise,59.99,28.0,56.21,26,1559.74
2024-11-07,PRD-1010,Cast Iron Skillet 12in,Kitchen,Enterprise,48.74,28.0,61.7,30,1462.2
2024-11-12,PRD-1010,Cast Iron Skillet 12in,Kitchen,Retail,59.99,28.0,54.19,28,1679.72
2024-11-12,PRD-1010,Cast Iron Skillet 12in,Kitchen,Wholesale,59.99,28.0,50.98,44,2639.56
2024-11-13,PRD-1010,Cast Iron Skillet 12in,Kitchen,Wholesale,48.74,28.0,58.3,63,3070.62
2024-11-15,PRD-1010,Cast Iron Skillet 12in,Kitchen,Retail,48.74,28.0,63.5,40,1949.6
2024-11-21,PRD-1010,Cast Iron Skillet 12in,Kitchen,Direct,48.74,28.0,49.12,31,1510.94
2024-12-01,PRD-1010,Cast Iron Skillet 12in,Kitchen,Wholesale,52.49,28.0,62.49,66,3464.34
2024-12-05,PRD-1010,Cast Iron Skillet 12in,Kitchen,Retail,63.74,28.0,67.73,35,2230.9
2024-12-05,PRD-1010,Cast Iron Skillet 12in,Kitchen,Direct,52.49,28.0,51.92,22,1154.78
2024-12-09,PRD-1010,Cast Iron Skillet 12in,Kitchen,Retail,52.49,28.0,62.75,46,2414.54
2024-12-12,PRD-1010,Cast Iron Skillet 12in,Kitchen,Enterprise,63.74,28.0,64.77,28,1784.72
2024-12-13,PRD-1010,Cast Iron Skillet 12in,Kitchen,Wholesale,63.74,28.0,59.77,55,3505.7
2024-12-23,PRD-1010,Cast Iron Skillet 12in,Kitchen,Enterprise,52.49,28.0,64.33,34,1784.66
2024-12-26,PRD-1010,Cast Iron Skillet 12in,Kitchen,Direct,63.74,28.0,61.98,16,1019.84
